Domain,Subdomain,Sub_subdomain,Algorithm,Title,Description,Link
Combinatorial algorithms,General combinatorial algorithms,,,Cycle detection,Brent's algorithm,https://en.wikipedia.org//wiki/Cycle_detection#Brent's_algorithm
Combinatorial algorithms,General combinatorial algorithms,,,Floyd's cycle-finding algorithm,,https://en.wikipedia.org//wiki/Floyd%27s_cycle-finding_algorithm
Combinatorial algorithms,General combinatorial algorithms,,,Stable marriage problem,Gale–Shapley algorithm,https://en.wikipedia.org//wiki/Stable_marriage_problem
Combinatorial algorithms,General combinatorial algorithms,,,ACORN (PRNG),ACORN generator,https://en.wikipedia.org//wiki/ACORN_(PRNG)
Combinatorial algorithms,General combinatorial algorithms,,,Blum Blum Shub,,https://en.wikipedia.org//wiki/Blum_Blum_Shub
Combinatorial algorithms,General combinatorial algorithms,,,Lagged Fibonacci generator,,https://en.wikipedia.org//wiki/Lagged_Fibonacci_generator
Combinatorial algorithms,General combinatorial algorithms,,,Linear congruential generator,,https://en.wikipedia.org//wiki/Linear_congruential_generator
Combinatorial algorithms,General combinatorial algorithms,,,Mersenne Twister,,https://en.wikipedia.org//wiki/Mersenne_Twister
Combinatorial algorithms,Graph algorithms,,,Coloring algorithm,,https://en.wikipedia.org//wiki/Coloring_algorithm
Combinatorial algorithms,Graph algorithms,,,Hopcroft–Karp algorithm,,https://en.wikipedia.org//wiki/Hopcroft%E2%80%93Karp_algorithm
Combinatorial algorithms,Graph algorithms,,,Hungarian algorithm,,https://en.wikipedia.org//wiki/Hungarian_algorithm
Combinatorial algorithms,Graph algorithms,,,Prüfer sequence,Prüfer coding,https://en.wikipedia.org//wiki/Pr%C3%BCfer_sequence
Combinatorial algorithms,Graph algorithms,,,Tarjan's off-line lowest common ancestors algorithm,,https://en.wikipedia.org//wiki/Tarjan%27s_off-line_lowest_common_ancestors_algorithm
Combinatorial algorithms,Graph algorithms,,,Topological sorting,Topological sort,https://en.wikipedia.org//wiki/Topological_sorting
Combinatorial algorithms,Graph algorithms,Graph drawing,,Force-based algorithms (graph drawing),Force-based algorithms,https://en.wikipedia.org//wiki/Force-based_algorithms_(graph_drawing)
Combinatorial algorithms,Graph algorithms,Graph drawing,,Spectral layout,,https://en.wikipedia.org//wiki/Spectral_layout
Combinatorial algorithms,Graph algorithms,Network theory,,Girvan–Newman algorithm,,https://en.wikipedia.org//wiki/Girvan%E2%80%93Newman_algorithm
Combinatorial algorithms,Graph algorithms,Network theory,,Hyperlink-Induced Topic Search,,https://en.wikipedia.org//wiki/Hyperlink-Induced_Topic_Search
Combinatorial algorithms,Graph algorithms,Network theory,,PageRank,,https://en.wikipedia.org//wiki/PageRank
Combinatorial algorithms,Graph algorithms,Network theory,,TrustRank,,https://en.wikipedia.org//wiki/TrustRank
Combinatorial algorithms,Graph algorithms,Network theory,,Dinic's algorithm,,https://en.wikipedia.org//wiki/Dinic%27s_algorithm
Combinatorial algorithms,Graph algorithms,Network theory,,Edmonds–Karp algorithm,,https://en.wikipedia.org//wiki/Edmonds%E2%80%93Karp_algorithm
Combinatorial algorithms,Graph algorithms,Network theory,,Ford–Fulkerson algorithm,,https://en.wikipedia.org//wiki/Ford%E2%80%93Fulkerson_algorithm
Combinatorial algorithms,Graph algorithms,Network theory,,Karger's algorithm,,https://en.wikipedia.org//wiki/Karger%27s_algorithm
Combinatorial algorithms,Graph algorithms,Network theory,,Push–relabel algorithm,,https://en.wikipedia.org//wiki/Push%E2%80%93relabel_algorithm
Combinatorial algorithms,Graph algorithms,Routing for graphs,,Edmonds' algorithm,,https://en.wikipedia.org//wiki/Edmonds%27_algorithm
Combinatorial algorithms,Graph algorithms,Routing for graphs,,Euclidean minimum spanning tree,,https://en.wikipedia.org//wiki/Euclidean_minimum_spanning_tree
Combinatorial algorithms,Graph algorithms,Routing for graphs,,Euclidean shortest path problem,,https://en.wikipedia.org//wiki/Euclidean_shortest_path_problem
Combinatorial algorithms,Graph algorithms,Routing for graphs,,Longest path problem,,https://en.wikipedia.org//wiki/Longest_path_problem
Combinatorial algorithms,Graph algorithms,Routing for graphs,,Borůvka's algorithm,,https://en.wikipedia.org//wiki/Bor%C5%AFvka%27s_algorithm
Combinatorial algorithms,Graph algorithms,Routing for graphs,,Kruskal's algorithm,,https://en.wikipedia.org//wiki/Kruskal%27s_algorithm
Combinatorial algorithms,Graph algorithms,Routing for graphs,,Prim's algorithm,,https://en.wikipedia.org//wiki/Prim%27s_algorithm
Combinatorial algorithms,Graph algorithms,Routing for graphs,,Reverse-delete algorithm,,https://en.wikipedia.org//wiki/Reverse-delete_algorithm
Combinatorial algorithms,Graph algorithms,Routing for graphs,,Nonblocking minimal spanning switch,,https://en.wikipedia.org//wiki/Nonblocking_minimal_spanning_switch
Combinatorial algorithms,Graph algorithms,Routing for graphs,,Bellman–Ford algorithm,,https://en.wikipedia.org//wiki/Bellman%E2%80%93Ford_algorithm
Combinatorial algorithms,Graph algorithms,Routing for graphs,,Dijkstra's algorithm,,https://en.wikipedia.org//wiki/Dijkstra%27s_algorithm
Combinatorial algorithms,Graph algorithms,Routing for graphs,,Floyd–Warshall algorithm,,https://en.wikipedia.org//wiki/Floyd%E2%80%93Warshall_algorithm
Combinatorial algorithms,Graph algorithms,Routing for graphs,,Johnson's algorithm,,https://en.wikipedia.org//wiki/Johnson%27s_algorithm
Combinatorial algorithms,Graph algorithms,Routing for graphs,,Transitive closure,,https://en.wikipedia.org//wiki/Transitive_closure
Combinatorial algorithms,Graph algorithms,Routing for graphs,,Christofides algorithm,,https://en.wikipedia.org//wiki/Christofides_algorithm
Combinatorial algorithms,Graph algorithms,Routing for graphs,,Nearest neighbour algorithm,,https://en.wikipedia.org//wiki/Nearest_neighbour_algorithm
Combinatorial algorithms,Graph algorithms,Routing for graphs,,Warnsdorff's rule,,https://en.wikipedia.org//wiki/Warnsdorff%27s_rule
Combinatorial algorithms,Graph algorithms,Graph search,,A* search algorithm,A*,https://en.wikipedia.org//wiki/A*_search_algorithm
Combinatorial algorithms,Graph algorithms,Graph search,,B*,,https://en.wikipedia.org//wiki/B*
Combinatorial algorithms,Graph algorithms,Graph search,,Backtracking,,https://en.wikipedia.org//wiki/Backtracking
Combinatorial algorithms,Graph algorithms,Graph search,,Beam search,,https://en.wikipedia.org//wiki/Beam_search
Combinatorial algorithms,Graph algorithms,Graph search,,Beam stack search,,https://en.wikipedia.org//wiki/Beam_stack_search
Combinatorial algorithms,Graph algorithms,Graph search,,Best-first search,,https://en.wikipedia.org//wiki/Best-first_search
Combinatorial algorithms,Graph algorithms,Graph search,,Bidirectional search,,https://en.wikipedia.org//wiki/Bidirectional_search
Combinatorial algorithms,Graph algorithms,Graph search,,Breadth-first search,,https://en.wikipedia.org//wiki/Breadth-first_search
Combinatorial algorithms,Graph algorithms,Graph search,,Brute-force search,,https://en.wikipedia.org//wiki/Brute-force_search
Combinatorial algorithms,Graph algorithms,Graph search,,D*,,https://en.wikipedia.org//wiki/D*
Combinatorial algorithms,Graph algorithms,Graph search,,Depth-first search,,https://en.wikipedia.org//wiki/Depth-first_search
Combinatorial algorithms,Graph algorithms,Graph search,,Dijkstra's algorithm,,https://en.wikipedia.org//wiki/Dijkstra%27s_algorithm
Combinatorial algorithms,Graph algorithms,Graph search,,General Problem Solver,,https://en.wikipedia.org//wiki/General_Problem_Solver
Combinatorial algorithms,Graph algorithms,Graph search,,Iterative deepening depth-first search,,https://en.wikipedia.org//wiki/Iterative_deepening_depth-first_search
Combinatorial algorithms,Graph algorithms,Graph search,,Jump point search,,https://en.wikipedia.org//wiki/Jump_point_search
Combinatorial algorithms,Graph algorithms,Graph search,,Lexicographic breadth-first search,,https://en.wikipedia.org//wiki/Lexicographic_breadth-first_search
Combinatorial algorithms,Graph algorithms,Graph search,,Uniform-cost search,,https://en.wikipedia.org//wiki/Uniform-cost_search
Combinatorial algorithms,Graph algorithms,Graph search,,SSS*,,https://en.wikipedia.org//wiki/SSS*
Combinatorial algorithms,Graph algorithms,Graph search,,F* Merge Algorithm (page does not exist),F*,https://en.wikipedia.org//w/index.php?title=F*_Merge_Algorithm&action=edit&redlink=1
Combinatorial algorithms,Graph algorithms,Subgraphs,,Bron–Kerbosch algorithm,,https://en.wikipedia.org//wiki/Bron%E2%80%93Kerbosch_algorithm
Combinatorial algorithms,Graph algorithms,Subgraphs,,MaxCliqueDyn maximum clique algorithm,,https://en.wikipedia.org//wiki/MaxCliqueDyn_maximum_clique_algorithm
Combinatorial algorithms,Graph algorithms,Subgraphs,,Path-based strong component algorithm,,https://en.wikipedia.org//wiki/Path-based_strong_component_algorithm
Combinatorial algorithms,Graph algorithms,Subgraphs,,Kosaraju's algorithm,,https://en.wikipedia.org//wiki/Kosaraju%27s_algorithm
Combinatorial algorithms,Graph algorithms,Subgraphs,,Tarjan's strongly connected components algorithm,,https://en.wikipedia.org//wiki/Tarjan%27s_strongly_connected_components_algorithm
Combinatorial algorithms,Graph algorithms,Subgraphs,,Subgraph isomorphism problem,,https://en.wikipedia.org//wiki/Subgraph_isomorphism_problem
Combinatorial algorithms,Sequence algorithms,Approximate sequence matching,,Bitap algorithm,,https://en.wikipedia.org//wiki/Bitap_algorithm
Combinatorial algorithms,Sequence algorithms,Approximate sequence matching,,Daitch–Mokotoff Soundex,,https://en.wikipedia.org//wiki/Daitch%E2%80%93Mokotoff_Soundex
Combinatorial algorithms,Sequence algorithms,Approximate sequence matching,,Double Metaphone,,https://en.wikipedia.org//wiki/Double_Metaphone
Combinatorial algorithms,Sequence algorithms,Approximate sequence matching,,Match rating approach,,https://en.wikipedia.org//wiki/Match_rating_approach
Combinatorial algorithms,Sequence algorithms,Approximate sequence matching,,Metaphone,,https://en.wikipedia.org//wiki/Metaphone
Combinatorial algorithms,Sequence algorithms,Approximate sequence matching,,New York State Identification and Intelligence System,NYSIIS,https://en.wikipedia.org//wiki/New_York_State_Identification_and_Intelligence_System
Combinatorial algorithms,Sequence algorithms,Approximate sequence matching,,Soundex,,https://en.wikipedia.org//wiki/Soundex
Combinatorial algorithms,Sequence algorithms,Approximate sequence matching,,Damerau–Levenshtein distance,,https://en.wikipedia.org//wiki/Damerau%E2%80%93Levenshtein_distance
Combinatorial algorithms,Sequence algorithms,Approximate sequence matching,,Dice's coefficient,,https://en.wikipedia.org//wiki/Dice%27s_coefficient
Combinatorial algorithms,Sequence algorithms,Approximate sequence matching,,Hamming distance,,https://en.wikipedia.org//wiki/Hamming_distance
Combinatorial algorithms,Sequence algorithms,Approximate sequence matching,,Jaro–Winkler distance,,https://en.wikipedia.org//wiki/Jaro%E2%80%93Winkler_distance
Combinatorial algorithms,Sequence algorithms,Approximate sequence matching,,Levenshtein distance,Levenshtein edit distance,https://en.wikipedia.org//wiki/Levenshtein_distance
Combinatorial algorithms,Sequence algorithms,Approximate sequence matching,,Trigram search,,https://en.wikipedia.org//wiki/Trigram_search
Combinatorial algorithms,Sequence algorithms,Selection algorithms,,Quickselect,,https://en.wikipedia.org//wiki/Quickselect
Combinatorial algorithms,Sequence algorithms,Selection algorithms,,Introselect,,https://en.wikipedia.org//wiki/Introselect
Combinatorial algorithms,Sequence algorithms,Sequence search,,Linear search,,https://en.wikipedia.org//wiki/Linear_search
Combinatorial algorithms,Sequence algorithms,Sequence search,,Selection algorithm,,https://en.wikipedia.org//wiki/Selection_algorithm
Combinatorial algorithms,Sequence algorithms,Sequence search,,Ternary search,,https://en.wikipedia.org//wiki/Ternary_search
Combinatorial algorithms,Sequence algorithms,Sequence search,,Binary search algorithm,,https://en.wikipedia.org//wiki/Binary_search_algorithm
Combinatorial algorithms,Sequence algorithms,Sequence search,,Fibonacci search technique,,https://en.wikipedia.org//wiki/Fibonacci_search_technique
Combinatorial algorithms,Sequence algorithms,Sequence search,,Jump search,,https://en.wikipedia.org//wiki/Jump_search
Combinatorial algorithms,Sequence algorithms,Sequence search,,Interpolation search,Predictive search,https://en.wikipedia.org//wiki/Interpolation_search
Combinatorial algorithms,Sequence algorithms,Sequence search,,Uniform binary search,,https://en.wikipedia.org//wiki/Uniform_binary_search
Combinatorial algorithms,Sequence algorithms,Sequence permutations,,Fisher–Yates shuffle,,https://en.wikipedia.org//wiki/Fisher%E2%80%93Yates_shuffle
Combinatorial algorithms,Sequence algorithms,Sequence permutations,,Schensted algorithm,,https://en.wikipedia.org//wiki/Schensted_algorithm
Combinatorial algorithms,Sequence algorithms,Sequence permutations,,Steinhaus–Johnson–Trotter algorithm,,https://en.wikipedia.org//wiki/Steinhaus%E2%80%93Johnson%E2%80%93Trotter_algorithm
Combinatorial algorithms,Sequence algorithms,Sequence permutations,,Heap's algorithm,Heap's permutation generation algorithm,https://en.wikipedia.org//wiki/Heap%27s_algorithm
Combinatorial algorithms,Sequence algorithms,Sequence alignment,,Dynamic time warping,,https://en.wikipedia.org//wiki/Dynamic_time_warping
Combinatorial algorithms,Sequence algorithms,Sequence alignment,,Hirschberg's algorithm,,https://en.wikipedia.org//wiki/Hirschberg%27s_algorithm
Combinatorial algorithms,Sequence algorithms,Sequence alignment,,Needleman–Wunsch algorithm,,https://en.wikipedia.org//wiki/Needleman%E2%80%93Wunsch_algorithm
Combinatorial algorithms,Sequence algorithms,Sequence alignment,,Smith–Waterman algorithm,,https://en.wikipedia.org//wiki/Smith%E2%80%93Waterman_algorithm
Combinatorial algorithms,Sequence algorithms,Sequence sorting,,Bubble sort,,https://en.wikipedia.org//wiki/Bubble_sort
Combinatorial algorithms,Sequence algorithms,Sequence sorting,,Cocktail shaker sort,,https://en.wikipedia.org//wiki/Cocktail_shaker_sort
Combinatorial algorithms,Sequence algorithms,Sequence sorting,,Comb sort,,https://en.wikipedia.org//wiki/Comb_sort
Combinatorial algorithms,Sequence algorithms,Sequence sorting,,Gnome sort,,https://en.wikipedia.org//wiki/Gnome_sort
Combinatorial algorithms,Sequence algorithms,Sequence sorting,,Odd–even sort,,https://en.wikipedia.org//wiki/Odd%E2%80%93even_sort
Combinatorial algorithms,Sequence algorithms,Sequence sorting,,Quicksort,,https://en.wikipedia.org//wiki/Quicksort
Combinatorial algorithms,Sequence algorithms,Sequence sorting,,Bogosort,,https://en.wikipedia.org//wiki/Bogosort
Combinatorial algorithms,Sequence algorithms,Sequence sorting,,Stooge sort,,https://en.wikipedia.org//wiki/Stooge_sort
Combinatorial algorithms,Sequence algorithms,Sequence sorting,,Flashsort,,https://en.wikipedia.org//wiki/Flashsort
Combinatorial algorithms,Sequence algorithms,Sequence sorting,,Introsort,,https://en.wikipedia.org//wiki/Introsort
Combinatorial algorithms,Sequence algorithms,Sequence sorting,,Timsort,,https://en.wikipedia.org//wiki/Timsort
Combinatorial algorithms,Sequence algorithms,Sequence sorting,,Insertion sort,,https://en.wikipedia.org//wiki/Insertion_sort
Combinatorial algorithms,Sequence algorithms,Sequence sorting,,Library sort,,https://en.wikipedia.org//wiki/Library_sort
Combinatorial algorithms,Sequence algorithms,Sequence sorting,,Patience sorting,,https://en.wikipedia.org//wiki/Patience_sorting
Combinatorial algorithms,Sequence algorithms,Sequence sorting,,Shellsort,Shell sort,https://en.wikipedia.org//wiki/Shellsort
Combinatorial algorithms,Sequence algorithms,Sequence sorting,,Tree sort,,https://en.wikipedia.org//wiki/Tree_sort
Combinatorial algorithms,Sequence algorithms,Sequence sorting,,Cycle sort,,https://en.wikipedia.org//wiki/Cycle_sort
Combinatorial algorithms,Sequence algorithms,Sequence sorting,,Merge sort,,https://en.wikipedia.org//wiki/Merge_sort
Combinatorial algorithms,Sequence algorithms,Sequence sorting,,Strand sort,,https://en.wikipedia.org//wiki/Strand_sort
Combinatorial algorithms,Sequence algorithms,Sequence sorting,,Bead sort,,https://en.wikipedia.org//wiki/Bead_sort
Combinatorial algorithms,Sequence algorithms,Sequence sorting,,Bucket sort,,https://en.wikipedia.org//wiki/Bucket_sort
Combinatorial algorithms,Sequence algorithms,Sequence sorting,,Burstsort,,https://en.wikipedia.org//wiki/Burstsort
Combinatorial algorithms,Sequence algorithms,Sequence sorting,,Counting sort,,https://en.wikipedia.org//wiki/Counting_sort
Combinatorial algorithms,Sequence algorithms,Sequence sorting,,Pigeonhole sort,,https://en.wikipedia.org//wiki/Pigeonhole_sort
Combinatorial algorithms,Sequence algorithms,Sequence sorting,,Postman sort,,https://en.wikipedia.org//wiki/Postman_sort
Combinatorial algorithms,Sequence algorithms,Sequence sorting,,Radix sort,,https://en.wikipedia.org//wiki/Radix_sort
Combinatorial algorithms,Sequence algorithms,Sequence sorting,,Heapsort,,https://en.wikipedia.org//wiki/Heapsort
Combinatorial algorithms,Sequence algorithms,Sequence sorting,,Selection sort,,https://en.wikipedia.org//wiki/Selection_sort
Combinatorial algorithms,Sequence algorithms,Sequence sorting,,Smoothsort,,https://en.wikipedia.org//wiki/Smoothsort
Combinatorial algorithms,Sequence algorithms,Sequence sorting,,Bitonic sorter,,https://en.wikipedia.org//wiki/Bitonic_sorter
Combinatorial algorithms,Sequence algorithms,Sequence sorting,,Pancake sorting,,https://en.wikipedia.org//wiki/Pancake_sorting
Combinatorial algorithms,Sequence algorithms,Sequence sorting,,Spaghetti sort,,https://en.wikipedia.org//wiki/Spaghetti_sort
Combinatorial algorithms,Sequence algorithms,Sequence sorting,,Topological sorting,Topological sort,https://en.wikipedia.org//wiki/Topological_sorting
Combinatorial algorithms,Sequence algorithms,Sequence sorting,,Samplesort,,https://en.wikipedia.org//wiki/Samplesort
Combinatorial algorithms,Sequence algorithms,Subsequences,,Kadane's algorithm,,https://en.wikipedia.org//wiki/Kadane%27s_algorithm
Combinatorial algorithms,Sequence algorithms,Subsequences,,Longest common subsequence problem,,https://en.wikipedia.org//wiki/Longest_common_subsequence_problem
Combinatorial algorithms,Sequence algorithms,Subsequences,,Longest increasing subsequence problem,,https://en.wikipedia.org//wiki/Longest_increasing_subsequence_problem
Combinatorial algorithms,Sequence algorithms,Subsequences,,Shortest common supersequence problem,,https://en.wikipedia.org//wiki/Shortest_common_supersequence_problem
Combinatorial algorithms,Sequence algorithms,Substrings,,Longest common substring problem,,https://en.wikipedia.org//wiki/Longest_common_substring_problem
Combinatorial algorithms,Sequence algorithms,Substrings,,Aho–Corasick string matching algorithm,,https://en.wikipedia.org//wiki/Aho%E2%80%93Corasick_string_matching_algorithm
Combinatorial algorithms,Sequence algorithms,Substrings,,Boyer–Moore string-search algorithm,,https://en.wikipedia.org//wiki/Boyer%E2%80%93Moore_string-search_algorithm
Combinatorial algorithms,Sequence algorithms,Substrings,,Boyer–Moore–Horspool algorithm,,https://en.wikipedia.org//wiki/Boyer%E2%80%93Moore%E2%80%93Horspool_algorithm
Combinatorial algorithms,Sequence algorithms,Substrings,,Knuth–Morris–Pratt algorithm,,https://en.wikipedia.org//wiki/Knuth%E2%80%93Morris%E2%80%93Pratt_algorithm
Combinatorial algorithms,Sequence algorithms,Substrings,,Rabin–Karp string search algorithm,,https://en.wikipedia.org//wiki/Rabin%E2%80%93Karp_string_search_algorithm
Combinatorial algorithms,Sequence algorithms,Substrings,,Zhu–Takaoka string matching algorithm,,https://en.wikipedia.org//wiki/Zhu%E2%80%93Takaoka_string_matching_algorithm
Combinatorial algorithms,Sequence algorithms,Substrings,,Ukkonen's algorithm,,https://en.wikipedia.org//wiki/Ukkonen%27s_algorithm
Combinatorial algorithms,Sequence algorithms,Substrings,,InterNetNews,Rich Salz,https://en.wikipedia.org//wiki/InterNetNews
Combinatorial algorithms,Sequence algorithms,Substrings,,Krauss matching wildcards algorithm,,https://en.wikipedia.org//wiki/Krauss_matching_wildcards_algorithm
Computational mathematics,Abstract algebra,,,Chien search,,https://en.wikipedia.org//wiki/Chien_search
Computational mathematics,Abstract algebra,,,Schreier–Sims algorithm,,https://en.wikipedia.org//wiki/Schreier%E2%80%93Sims_algorithm
Computational mathematics,Abstract algebra,,,Todd–Coxeter algorithm,,https://en.wikipedia.org//wiki/Todd%E2%80%93Coxeter_algorithm
Computational mathematics,Computer algebra,,,Buchberger's algorithm,,https://en.wikipedia.org//wiki/Buchberger%27s_algorithm
Computational mathematics,Computer algebra,,,Cantor–Zassenhaus algorithm,,https://en.wikipedia.org//wiki/Cantor%E2%80%93Zassenhaus_algorithm
Computational mathematics,Computer algebra,,,Faugère F4 algorithm,,https://en.wikipedia.org//wiki/Faug%C3%A8re_F4_algorithm
Computational mathematics,Computer algebra,,,Gosper's algorithm,,https://en.wikipedia.org//wiki/Gosper%27s_algorithm
Computational mathematics,Computer algebra,,,Knuth–Bendix completion algorithm,,https://en.wikipedia.org//wiki/Knuth%E2%80%93Bendix_completion_algorithm
Computational mathematics,Computer algebra,,,Multivariate division algorithm,,https://en.wikipedia.org//wiki/Multivariate_division_algorithm
Computational mathematics,Computer algebra,,,Pollard's kangaroo algorithm,,https://en.wikipedia.org//wiki/Pollard%27s_kangaroo_algorithm
Computational mathematics,Computer algebra,,,Polynomial long division,,https://en.wikipedia.org//wiki/Polynomial_long_division
Computational mathematics,Computer algebra,,,Risch algorithm,,https://en.wikipedia.org//wiki/Risch_algorithm
Computational mathematics,Geometry,,,Closest pair problem,,https://en.wikipedia.org//wiki/Closest_pair_problem
Computational mathematics,Geometry,,,Collision detection,,https://en.wikipedia.org//wiki/Collision_detection
Computational mathematics,Geometry,,,Cone algorithm,,https://en.wikipedia.org//wiki/Cone_algorithm
Computational mathematics,Geometry,,,Graham scan,,https://en.wikipedia.org//wiki/Graham_scan
Computational mathematics,Geometry,,,Quickhull,,https://en.wikipedia.org//wiki/Quickhull
Computational mathematics,Geometry,,,Gift wrapping algorithm,,https://en.wikipedia.org//wiki/Gift_wrapping_algorithm
Computational mathematics,Geometry,,,Chan's algorithm,,https://en.wikipedia.org//wiki/Chan%27s_algorithm
Computational mathematics,Geometry,,,Kirkpatrick–Seidel algorithm,,https://en.wikipedia.org//wiki/Kirkpatrick%E2%80%93Seidel_algorithm
Computational mathematics,Geometry,,,Euclidean distance map,Euclidean Distance Transform,https://en.wikipedia.org//wiki/Euclidean_distance_map
Computational mathematics,Geometry,,,Geometric hashing,,https://en.wikipedia.org//wiki/Geometric_hashing
Computational mathematics,Geometry,,,Gilbert–Johnson–Keerthi distance algorithm,,https://en.wikipedia.org//wiki/Gilbert%E2%80%93Johnson%E2%80%93Keerthi_distance_algorithm
Computational mathematics,Geometry,,,Jump-and-Walk algorithm,,https://en.wikipedia.org//wiki/Jump-and-Walk_algorithm
Computational mathematics,Geometry,,,Laplacian smoothing,,https://en.wikipedia.org//wiki/Laplacian_smoothing
Computational mathematics,Geometry,,,Bentley–Ottmann algorithm,,https://en.wikipedia.org//wiki/Bentley%E2%80%93Ottmann_algorithm
Computational mathematics,Geometry,,,Shamos–Hoey algorithm (page does not exist),Shamos–Hoey algorithm,https://en.wikipedia.org//w/index.php?title=Shamos%E2%80%93Hoey_algorithm&action=edit&redlink=1
Computational mathematics,Geometry,,,Minimum bounding box algorithms,,https://en.wikipedia.org//wiki/Minimum_bounding_box_algorithms
Computational mathematics,Geometry,,,Nearest neighbor search,,https://en.wikipedia.org//wiki/Nearest_neighbor_search
Computational mathematics,Geometry,,,Point in polygon,,https://en.wikipedia.org//wiki/Point_in_polygon
Computational mathematics,Geometry,,,Point set registration,,https://en.wikipedia.org//wiki/Point_set_registration
Computational mathematics,Geometry,,,Rotating calipers,,https://en.wikipedia.org//wiki/Rotating_calipers
Computational mathematics,Geometry,,,Shoelace algorithm,,https://en.wikipedia.org//wiki/Shoelace_algorithm
Computational mathematics,Geometry,,,Ruppert's algorithm,,https://en.wikipedia.org//wiki/Ruppert%27s_algorithm
Computational mathematics,Geometry,,,Chew's second algorithm,,https://en.wikipedia.org//wiki/Chew%27s_second_algorithm
Computational mathematics,Geometry,,,Marching triangles,,https://en.wikipedia.org//wiki/Marching_triangles
Computational mathematics,Geometry,,,Polygon triangulation,,https://en.wikipedia.org//wiki/Polygon_triangulation
Computational mathematics,Geometry,,,Bowyer–Watson algorithm,,https://en.wikipedia.org//wiki/Bowyer%E2%80%93Watson_algorithm
Computational mathematics,Geometry,,,Fortune's Algorithm,,https://en.wikipedia.org//wiki/Fortune%27s_Algorithm
Computational mathematics,Geometry,,,Quasitriangulation,,https://en.wikipedia.org//wiki/Quasitriangulation
Computational mathematics,Number theoretic algorithms,,,Binary GCD algorithm,,https://en.wikipedia.org//wiki/Binary_GCD_algorithm
Computational mathematics,Number theoretic algorithms,,,Booth's multiplication algorithm,,https://en.wikipedia.org//wiki/Booth%27s_multiplication_algorithm
Computational mathematics,Number theoretic algorithms,,,Chakravala method,,https://en.wikipedia.org//wiki/Chakravala_method
Computational mathematics,Number theoretic algorithms,,,Baby-step giant-step,,https://en.wikipedia.org//wiki/Baby-step_giant-step
Computational mathematics,Number theoretic algorithms,,,Index calculus algorithm,,https://en.wikipedia.org//wiki/Index_calculus_algorithm
Computational mathematics,Number theoretic algorithms,,,Pollard's rho algorithm for logarithms,,https://en.wikipedia.org//wiki/Pollard%27s_rho_algorithm_for_logarithms
Computational mathematics,Number theoretic algorithms,,,Pohlig–Hellman algorithm,,https://en.wikipedia.org//wiki/Pohlig%E2%80%93Hellman_algorithm
Computational mathematics,Number theoretic algorithms,,,Euclidean algorithm,,https://en.wikipedia.org//wiki/Euclidean_algorithm
Computational mathematics,Number theoretic algorithms,,,Extended Euclidean algorithm,,https://en.wikipedia.org//wiki/Extended_Euclidean_algorithm
Computational mathematics,Number theoretic algorithms,,,Congruence of squares,,https://en.wikipedia.org//wiki/Congruence_of_squares
Computational mathematics,Number theoretic algorithms,,,Dixon's algorithm,,https://en.wikipedia.org//wiki/Dixon%27s_algorithm
Computational mathematics,Number theoretic algorithms,,,Fermat's factorization method,,https://en.wikipedia.org//wiki/Fermat%27s_factorization_method
Computational mathematics,Number theoretic algorithms,,,General number field sieve,,https://en.wikipedia.org//wiki/General_number_field_sieve
Computational mathematics,Number theoretic algorithms,,,Lenstra elliptic curve factorization,,https://en.wikipedia.org//wiki/Lenstra_elliptic_curve_factorization
Computational mathematics,Number theoretic algorithms,,,Pollard's p − 1 algorithm,Pollard's ,https://en.wikipedia.org//wiki/Pollard%27s_p_%E2%88%92_1_algorithm
Computational mathematics,Number theoretic algorithms,,,Pollard's rho algorithm,,https://en.wikipedia.org//wiki/Pollard%27s_rho_algorithm
Computational mathematics,Number theoretic algorithms,,,Prime factorization algorithm,prime factorization algorithm,https://en.wikipedia.org//wiki/Prime_factorization_algorithm
Computational mathematics,Number theoretic algorithms,,,Quadratic sieve,,https://en.wikipedia.org//wiki/Quadratic_sieve
Computational mathematics,Number theoretic algorithms,,,Shor's algorithm,,https://en.wikipedia.org//wiki/Shor%27s_algorithm
Computational mathematics,Number theoretic algorithms,,,Special number field sieve,,https://en.wikipedia.org//wiki/Special_number_field_sieve
Computational mathematics,Number theoretic algorithms,,,Trial division,,https://en.wikipedia.org//wiki/Trial_division
Computational mathematics,Number theoretic algorithms,,,Karatsuba algorithm,,https://en.wikipedia.org//wiki/Karatsuba_algorithm
Computational mathematics,Number theoretic algorithms,,,Schönhage–Strassen algorithm,,https://en.wikipedia.org//wiki/Sch%C3%B6nhage%E2%80%93Strassen_algorithm
Computational mathematics,Number theoretic algorithms,,,Toom–Cook multiplication,,https://en.wikipedia.org//wiki/Toom%E2%80%93Cook_multiplication
Computational mathematics,Number theoretic algorithms,,,Tonelli–Shanks algorithm,,https://en.wikipedia.org//wiki/Tonelli%E2%80%93Shanks_algorithm
Computational mathematics,Number theoretic algorithms,,,Cipolla's algorithm,,https://en.wikipedia.org//wiki/Cipolla%27s_algorithm
Computational mathematics,Number theoretic algorithms,,,Berlekamp's root finding algorithm,,https://en.wikipedia.org//wiki/Berlekamp%27s_root_finding_algorithm
Computational mathematics,Number theoretic algorithms,,,Odlyzko–Schönhage algorithm,,https://en.wikipedia.org//wiki/Odlyzko%E2%80%93Sch%C3%B6nhage_algorithm
Computational mathematics,Number theoretic algorithms,,,Lenstra–Lenstra–Lovász lattice basis reduction algorithm,Lenstra–Lenstra–Lovász algorithm,https://en.wikipedia.org//wiki/Lenstra%E2%80%93Lenstra%E2%80%93Lov%C3%A1sz_lattice_basis_reduction_algorithm
Computational mathematics,Number theoretic algorithms,,,AKS primality test,,https://en.wikipedia.org//wiki/AKS_primality_test
Computational mathematics,Number theoretic algorithms,,,Baillie-PSW primality test,,https://en.wikipedia.org//wiki/Baillie-PSW_primality_test
Computational mathematics,Number theoretic algorithms,,,Fermat primality test,,https://en.wikipedia.org//wiki/Fermat_primality_test
Computational mathematics,Number theoretic algorithms,,,Lucas primality test,,https://en.wikipedia.org//wiki/Lucas_primality_test
Computational mathematics,Number theoretic algorithms,,,Miller–Rabin primality test,,https://en.wikipedia.org//wiki/Miller%E2%80%93Rabin_primality_test
Computational mathematics,Number theoretic algorithms,,,Sieve of Atkin,,https://en.wikipedia.org//wiki/Sieve_of_Atkin
Computational mathematics,Number theoretic algorithms,,,Sieve of Eratosthenes,,https://en.wikipedia.org//wiki/Sieve_of_Eratosthenes
Computational mathematics,Number theoretic algorithms,,,Sieve of Sundaram,,https://en.wikipedia.org//wiki/Sieve_of_Sundaram
Computational mathematics,Numerical algorithms,Differential equation solving,,Euler method,,https://en.wikipedia.org//wiki/Euler_method
Computational mathematics,Numerical algorithms,Differential equation solving,,Backward Euler method,,https://en.wikipedia.org//wiki/Backward_Euler_method
Computational mathematics,Numerical algorithms,Differential equation solving,,Trapezoidal rule (differential equations),,https://en.wikipedia.org//wiki/Trapezoidal_rule_(differential_equations)
Computational mathematics,Numerical algorithms,Differential equation solving,,Linear multistep method,Linear multistep methods,https://en.wikipedia.org//wiki/Linear_multistep_method
Computational mathematics,Numerical algorithms,Differential equation solving,,Euler integration,,https://en.wikipedia.org//wiki/Euler_integration
Computational mathematics,Numerical algorithms,Differential equation solving,,Multigrid method,Multigrid methods,https://en.wikipedia.org//wiki/Multigrid_method
Computational mathematics,Numerical algorithms,Differential equation solving,,Finite difference method,,https://en.wikipedia.org//wiki/Finite_difference_method
Computational mathematics,Numerical algorithms,Differential equation solving,,Crank–Nicolson method,,https://en.wikipedia.org//wiki/Crank%E2%80%93Nicolson_method
Computational mathematics,Numerical algorithms,Differential equation solving,,Lax–Wendroff method,Lax-Wendroff,https://en.wikipedia.org//wiki/Lax%E2%80%93Wendroff_method
Computational mathematics,Numerical algorithms,Differential equation solving,,Verlet integration,,https://en.wikipedia.org//wiki/Verlet_integration
Computational mathematics,Numerical algorithms,Elementary and special functions,,Borwein's algorithm,,https://en.wikipedia.org//wiki/Borwein%27s_algorithm
Computational mathematics,Numerical algorithms,Elementary and special functions,,Gauss–Legendre algorithm,,https://en.wikipedia.org//wiki/Gauss%E2%80%93Legendre_algorithm
Computational mathematics,Numerical algorithms,Elementary and special functions,,Chudnovsky algorithm,,https://en.wikipedia.org//wiki/Chudnovsky_algorithm
Computational mathematics,Numerical algorithms,Elementary and special functions,,Bailey–Borwein–Plouffe formula,,https://en.wikipedia.org//wiki/Bailey%E2%80%93Borwein%E2%80%93Plouffe_formula
Computational mathematics,Numerical algorithms,Elementary and special functions,,Long division,,https://en.wikipedia.org//wiki/Long_division
Computational mathematics,Numerical algorithms,Elementary and special functions,,Restoring division,,https://en.wikipedia.org//wiki/Restoring_division
Computational mathematics,Numerical algorithms,Elementary and special functions,,Non-restoring division,,https://en.wikipedia.org//wiki/Non-restoring_division
Computational mathematics,Numerical algorithms,Elementary and special functions,,SRT division,,https://en.wikipedia.org//wiki/SRT_division
Computational mathematics,Numerical algorithms,Elementary and special functions,,Newton–Raphson division,,https://en.wikipedia.org//wiki/Newton%E2%80%93Raphson_division
Computational mathematics,Numerical algorithms,Elementary and special functions,,Goldschmidt division,,https://en.wikipedia.org//wiki/Goldschmidt_division
Computational mathematics,Numerical algorithms,Elementary and special functions,,BKM algorithm,,https://en.wikipedia.org//wiki/BKM_algorithm
Computational mathematics,Numerical algorithms,Elementary and special functions,,CORDIC,,https://en.wikipedia.org//wiki/CORDIC
Computational mathematics,Numerical algorithms,Elementary and special functions,,Addition-chain exponentiation,,https://en.wikipedia.org//wiki/Addition-chain_exponentiation
Computational mathematics,Numerical algorithms,Elementary and special functions,,Exponentiating by squaring,,https://en.wikipedia.org//wiki/Exponentiating_by_squaring
Computational mathematics,Numerical algorithms,Elementary and special functions,,Montgomery reduction,,https://en.wikipedia.org//wiki/Montgomery_reduction
Computational mathematics,Numerical algorithms,Elementary and special functions,,Booth's multiplication algorithm,,https://en.wikipedia.org//wiki/Booth%27s_multiplication_algorithm
Computational mathematics,Numerical algorithms,Elementary and special functions,,Fürer's algorithm,,https://en.wikipedia.org//wiki/F%C3%BCrer%27s_algorithm
Computational mathematics,Numerical algorithms,Elementary and special functions,,Karatsuba algorithm,,https://en.wikipedia.org//wiki/Karatsuba_algorithm
Computational mathematics,Numerical algorithms,Elementary and special functions,,Schönhage–Strassen algorithm,,https://en.wikipedia.org//wiki/Sch%C3%B6nhage%E2%80%93Strassen_algorithm
Computational mathematics,Numerical algorithms,Elementary and special functions,,Toom–Cook multiplication,,https://en.wikipedia.org//wiki/Toom%E2%80%93Cook_multiplication
Computational mathematics,Numerical algorithms,Elementary and special functions,,Newton's method,,https://en.wikipedia.org//wiki/Newton%27s_method#Multiplicative_inverses_of_numbers_and_power_series
Computational mathematics,Numerical algorithms,Elementary and special functions,,Rounding functions,,https://en.wikipedia.org//wiki/Rounding_functions
Computational mathematics,Numerical algorithms,Elementary and special functions,,Spigot algorithm,,https://en.wikipedia.org//wiki/Spigot_algorithm
Computational mathematics,Numerical algorithms,Elementary and special functions,,Alpha max plus beta min algorithm,,https://en.wikipedia.org//wiki/Alpha_max_plus_beta_min_algorithm
Computational mathematics,Numerical algorithms,Elementary and special functions,,Methods of computing square roots,,https://en.wikipedia.org//wiki/Methods_of_computing_square_roots
Computational mathematics,Numerical algorithms,Elementary and special functions,,Nth root algorithm,<i>n</i>,https://en.wikipedia.org//wiki/Nth_root_algorithm
Computational mathematics,Numerical algorithms,Elementary and special functions,,Shifting nth-root algorithm,,https://en.wikipedia.org//wiki/Shifting_nth-root_algorithm
Computational mathematics,Numerical algorithms,Elementary and special functions,,Binary splitting,,https://en.wikipedia.org//wiki/Binary_splitting
Computational mathematics,Numerical algorithms,Elementary and special functions,,Kahan summation algorithm,,https://en.wikipedia.org//wiki/Kahan_summation_algorithm
Computational mathematics,Numerical algorithms,Elementary and special functions,,Unrestricted algorithm,,https://en.wikipedia.org//wiki/Unrestricted_algorithm
Computational mathematics,Numerical algorithms,Geometric,,Radon transform,Filtered back-projection,https://en.wikipedia.org//wiki/Radon_transform#Filtered_back-projection
Computational mathematics,Numerical algorithms,Geometric,,Level set method,,https://en.wikipedia.org//wiki/Level_set_method
Computational mathematics,Numerical algorithms,Interpolation and extrapolation,,Birkhoff interpolation,,https://en.wikipedia.org//wiki/Birkhoff_interpolation
Computational mathematics,Numerical algorithms,Interpolation and extrapolation,,Cubic interpolation,,https://en.wikipedia.org//wiki/Cubic_interpolation
Computational mathematics,Numerical algorithms,Interpolation and extrapolation,,Hermite interpolation,,https://en.wikipedia.org//wiki/Hermite_interpolation
Computational mathematics,Numerical algorithms,Interpolation and extrapolation,,Lagrange interpolation,,https://en.wikipedia.org//wiki/Lagrange_interpolation
Computational mathematics,Numerical algorithms,Interpolation and extrapolation,,Linear interpolation,,https://en.wikipedia.org//wiki/Linear_interpolation
Computational mathematics,Numerical algorithms,Interpolation and extrapolation,,Monotone cubic interpolation,,https://en.wikipedia.org//wiki/Monotone_cubic_interpolation
Computational mathematics,Numerical algorithms,Interpolation and extrapolation,,Bicubic interpolation,,https://en.wikipedia.org//wiki/Bicubic_interpolation
Computational mathematics,Numerical algorithms,Interpolation and extrapolation,,Bilinear interpolation,,https://en.wikipedia.org//wiki/Bilinear_interpolation
Computational mathematics,Numerical algorithms,Interpolation and extrapolation,,Lanczos resampling,,https://en.wikipedia.org//wiki/Lanczos_resampling
Computational mathematics,Numerical algorithms,Interpolation and extrapolation,,Nearest-neighbor interpolation,,https://en.wikipedia.org//wiki/Nearest-neighbor_interpolation
Computational mathematics,Numerical algorithms,Interpolation and extrapolation,,Tricubic interpolation,,https://en.wikipedia.org//wiki/Tricubic_interpolation
Computational mathematics,Numerical algorithms,Interpolation and extrapolation,,Pareto interpolation,,https://en.wikipedia.org//wiki/Pareto_interpolation
Computational mathematics,Numerical algorithms,Interpolation and extrapolation,,Neville's algorithm,,https://en.wikipedia.org//wiki/Neville%27s_algorithm
Computational mathematics,Numerical algorithms,Interpolation and extrapolation,,De Boor algorithm,,https://en.wikipedia.org//wiki/De_Boor_algorithm
Computational mathematics,Numerical algorithms,Interpolation and extrapolation,,De Casteljau's algorithm,,https://en.wikipedia.org//wiki/De_Casteljau%27s_algorithm
Computational mathematics,Numerical algorithms,Interpolation and extrapolation,,Trigonometric interpolation,,https://en.wikipedia.org//wiki/Trigonometric_interpolation
Computational mathematics,Numerical algorithms,Linear algebra,,Arnoldi iteration,,https://en.wikipedia.org//wiki/Arnoldi_iteration
Computational mathematics,Numerical algorithms,Linear algebra,,Inverse iteration,,https://en.wikipedia.org//wiki/Inverse_iteration
Computational mathematics,Numerical algorithms,Linear algebra,,Jacobi eigenvalue algorithm,Jacobi method,https://en.wikipedia.org//wiki/Jacobi_eigenvalue_algorithm
Computational mathematics,Numerical algorithms,Linear algebra,,Lanczos iteration,,https://en.wikipedia.org//wiki/Lanczos_iteration
Computational mathematics,Numerical algorithms,Linear algebra,,Power iteration,,https://en.wikipedia.org//wiki/Power_iteration
Computational mathematics,Numerical algorithms,Linear algebra,,QR algorithm,,https://en.wikipedia.org//wiki/QR_algorithm
Computational mathematics,Numerical algorithms,Linear algebra,,Rayleigh quotient iteration,,https://en.wikipedia.org//wiki/Rayleigh_quotient_iteration
Computational mathematics,Numerical algorithms,Linear algebra,,Gram–Schmidt process,,https://en.wikipedia.org//wiki/Gram%E2%80%93Schmidt_process
Computational mathematics,Numerical algorithms,Linear algebra,,Cannon's algorithm,,https://en.wikipedia.org//wiki/Cannon%27s_algorithm
Computational mathematics,Numerical algorithms,Linear algebra,,Coppersmith–Winograd algorithm,,https://en.wikipedia.org//wiki/Coppersmith%E2%80%93Winograd_algorithm
Computational mathematics,Numerical algorithms,Linear algebra,,Freivalds' algorithm,,https://en.wikipedia.org//wiki/Freivalds%27_algorithm
Computational mathematics,Numerical algorithms,Linear algebra,,Strassen algorithm,,https://en.wikipedia.org//wiki/Strassen_algorithm
Computational mathematics,Numerical algorithms,Linear algebra,,Biconjugate gradient method,,https://en.wikipedia.org//wiki/Biconjugate_gradient_method
Computational mathematics,Numerical algorithms,Linear algebra,,Conjugate gradient,,https://en.wikipedia.org//wiki/Conjugate_gradient
Computational mathematics,Numerical algorithms,Linear algebra,,Gaussian elimination,,https://en.wikipedia.org//wiki/Gaussian_elimination
Computational mathematics,Numerical algorithms,Linear algebra,,Gauss–Jordan elimination,,https://en.wikipedia.org//wiki/Gauss%E2%80%93Jordan_elimination
Computational mathematics,Numerical algorithms,Linear algebra,,Gauss–Seidel method,,https://en.wikipedia.org//wiki/Gauss%E2%80%93Seidel_method
Computational mathematics,Numerical algorithms,Linear algebra,,Levinson recursion,,https://en.wikipedia.org//wiki/Levinson_recursion
Computational mathematics,Numerical algorithms,Linear algebra,,Stone's method,,https://en.wikipedia.org//wiki/Stone%27s_method
Computational mathematics,Numerical algorithms,Linear algebra,,Successive over-relaxation,,https://en.wikipedia.org//wiki/Successive_over-relaxation
Computational mathematics,Numerical algorithms,Linear algebra,,Tridiagonal matrix algorithm,,https://en.wikipedia.org//wiki/Tridiagonal_matrix_algorithm
Computational mathematics,Numerical algorithms,Linear algebra,,Cuthill–McKee algorithm,,https://en.wikipedia.org//wiki/Cuthill%E2%80%93McKee_algorithm
Computational mathematics,Numerical algorithms,Linear algebra,,Minimum degree algorithm,,https://en.wikipedia.org//wiki/Minimum_degree_algorithm
Computational mathematics,Numerical algorithms,Linear algebra,,Symbolic Cholesky decomposition,,https://en.wikipedia.org//wiki/Symbolic_Cholesky_decomposition
Computational mathematics,Numerical algorithms,Monte Carlo,,Gibbs sampling,,https://en.wikipedia.org//wiki/Gibbs_sampling
Computational mathematics,Numerical algorithms,Monte Carlo,,Hybrid Monte Carlo,,https://en.wikipedia.org//wiki/Hybrid_Monte_Carlo
Computational mathematics,Numerical algorithms,Monte Carlo,,Metropolis–Hastings algorithm,,https://en.wikipedia.org//wiki/Metropolis%E2%80%93Hastings_algorithm
Computational mathematics,Numerical algorithms,Monte Carlo,,Wang and Landau algorithm,,https://en.wikipedia.org//wiki/Wang_and_Landau_algorithm
Computational mathematics,Numerical algorithms,Numerical integration,,MISER algorithm,,https://en.wikipedia.org//wiki/MISER_algorithm
Computational mathematics,Numerical algorithms,Root finding,,Bisection method,,https://en.wikipedia.org//wiki/Bisection_method
Computational mathematics,Numerical algorithms,Root finding,,False position method,,https://en.wikipedia.org//wiki/False_position_method
Computational mathematics,Numerical algorithms,Root finding,,Newton's method,,https://en.wikipedia.org//wiki/Newton%27s_method
Computational mathematics,Numerical algorithms,Root finding,,Halley's method,,https://en.wikipedia.org//wiki/Halley%27s_method
Computational mathematics,Numerical algorithms,Root finding,,Secant method,,https://en.wikipedia.org//wiki/Secant_method
Computational mathematics,Numerical algorithms,Root finding,,False position method,,https://en.wikipedia.org//wiki/False_position_method
Computational mathematics,Numerical algorithms,Root finding,,Ridder's method,,https://en.wikipedia.org//wiki/Ridder%27s_method
Computational mathematics,Numerical algorithms,Root finding,,Muller's method,,https://en.wikipedia.org//wiki/Muller%27s_method
Computational mathematics,Optimization algorithms,,,Alpha-beta pruning,,https://en.wikipedia.org//wiki/Alpha-beta_pruning
Computational mathematics,Optimization algorithms,,,Branch and bound,,https://en.wikipedia.org//wiki/Branch_and_bound
Computational mathematics,Optimization algorithms,,,Bruss algorithm,,https://en.wikipedia.org//wiki/Bruss_algorithm
Computational mathematics,Optimization algorithms,,,Chain matrix multiplication,,https://en.wikipedia.org//wiki/Chain_matrix_multiplication
Computational mathematics,Optimization algorithms,,,Greedy randomized adaptive search procedure,,https://en.wikipedia.org//wiki/Greedy_randomized_adaptive_search_procedure
Computational mathematics,Optimization algorithms,,,Hungarian method,,https://en.wikipedia.org//wiki/Hungarian_method
Computational mathematics,Optimization algorithms,,,AC-3 algorithm,,https://en.wikipedia.org//wiki/AC-3_algorithm
Computational mathematics,Optimization algorithms,,,Difference map algorithm,,https://en.wikipedia.org//wiki/Difference_map_algorithm
Computational mathematics,Optimization algorithms,,,Min conflicts algorithm,,https://en.wikipedia.org//wiki/Min_conflicts_algorithm
Computational mathematics,Optimization algorithms,,,Chaff algorithm,,https://en.wikipedia.org//wiki/Chaff_algorithm
Computational mathematics,Optimization algorithms,,,Davis–Putnam algorithm,,https://en.wikipedia.org//wiki/Davis%E2%80%93Putnam_algorithm
Computational mathematics,Optimization algorithms,,,DPLL algorithm,Davis–Putnam–Logemann–Loveland algorithm,https://en.wikipedia.org//wiki/DPLL_algorithm
Computational mathematics,Optimization algorithms,,,Algorithm X,,https://en.wikipedia.org//wiki/Algorithm_X
Computational mathematics,Optimization algorithms,,,Dancing Links,,https://en.wikipedia.org//wiki/Dancing_Links
Computational mathematics,Optimization algorithms,,,Cross-entropy method,,https://en.wikipedia.org//wiki/Cross-entropy_method
Computational mathematics,Optimization algorithms,,,Differential evolution,,https://en.wikipedia.org//wiki/Differential_evolution
Computational mathematics,Optimization algorithms,,,Dynamic Programming,,https://en.wikipedia.org//wiki/Dynamic_Programming
Computational mathematics,Optimization algorithms,,,Ellipsoid method,,https://en.wikipedia.org//wiki/Ellipsoid_method
Computational mathematics,Optimization algorithms,,,Evolution strategy,,https://en.wikipedia.org//wiki/Evolution_strategy
Computational mathematics,Optimization algorithms,,,Gene expression programming,,https://en.wikipedia.org//wiki/Gene_expression_programming
Computational mathematics,Optimization algorithms,,,Fitness proportionate selection,,https://en.wikipedia.org//wiki/Fitness_proportionate_selection
Computational mathematics,Optimization algorithms,,,Stochastic universal sampling,,https://en.wikipedia.org//wiki/Stochastic_universal_sampling
Computational mathematics,Optimization algorithms,,,Truncation selection,,https://en.wikipedia.org//wiki/Truncation_selection
Computational mathematics,Optimization algorithms,,,Tournament selection,,https://en.wikipedia.org//wiki/Tournament_selection
Computational mathematics,Optimization algorithms,,,Memetic algorithm,,https://en.wikipedia.org//wiki/Memetic_algorithm
Computational mathematics,Optimization algorithms,,,Ant colony optimization,,https://en.wikipedia.org//wiki/Ant_colony_optimization
Computational mathematics,Optimization algorithms,,,Bees algorithm,,https://en.wikipedia.org//wiki/Bees_algorithm
Computational mathematics,Optimization algorithms,,,Particle swarm optimization,Particle swarm,https://en.wikipedia.org//wiki/Particle_swarm_optimization
Computational mathematics,Optimization algorithms,,,Golden section search,golden section search,https://en.wikipedia.org//wiki/Golden_section_search
Computational mathematics,Optimization algorithms,,,Gradient descent,,https://en.wikipedia.org//wiki/Gradient_descent
Computational mathematics,Optimization algorithms,,,Harmony search,,https://en.wikipedia.org//wiki/Harmony_search
Computational mathematics,Optimization algorithms,,,Interior point method,,https://en.wikipedia.org//wiki/Interior_point_method
Computational mathematics,Optimization algorithms,,,Benson's algorithm,,https://en.wikipedia.org//wiki/Benson%27s_algorithm
Computational mathematics,Optimization algorithms,,,Dantzig–Wolfe decomposition,,https://en.wikipedia.org//wiki/Dantzig%E2%80%93Wolfe_decomposition
Computational mathematics,Optimization algorithms,,,Delayed column generation,,https://en.wikipedia.org//wiki/Delayed_column_generation
Computational mathematics,Optimization algorithms,,,Branch and cut,,https://en.wikipedia.org//wiki/Branch_and_cut
Computational mathematics,Optimization algorithms,,,Cutting-plane method,,https://en.wikipedia.org//wiki/Cutting-plane_method
Computational mathematics,Optimization algorithms,,,Karmarkar's algorithm,,https://en.wikipedia.org//wiki/Karmarkar%27s_algorithm
Computational mathematics,Optimization algorithms,,,Simplex algorithm,,https://en.wikipedia.org//wiki/Simplex_algorithm
Computational mathematics,Optimization algorithms,,,Line search,,https://en.wikipedia.org//wiki/Line_search
Computational mathematics,Optimization algorithms,,,Random-restart hill climbing,,https://en.wikipedia.org//wiki/Random-restart_hill_climbing
Computational mathematics,Optimization algorithms,,,Tabu search,,https://en.wikipedia.org//wiki/Tabu_search
Computational mathematics,Optimization algorithms,,,Minimax,,https://en.wikipedia.org//wiki/Minimax#Minimax_algorithm_with_alternate_moves
Computational mathematics,Optimization algorithms,,,Best Bin First,,https://en.wikipedia.org//wiki/Best_Bin_First
Computational mathematics,Optimization algorithms,,,Newton's method in optimization,,https://en.wikipedia.org//wiki/Newton%27s_method_in_optimization
Computational mathematics,Optimization algorithms,,,BFGS method,,https://en.wikipedia.org//wiki/BFGS_method
Computational mathematics,Optimization algorithms,,,Gauss–Newton algorithm,,https://en.wikipedia.org//wiki/Gauss%E2%80%93Newton_algorithm
Computational mathematics,Optimization algorithms,,,Levenberg–Marquardt algorithm,,https://en.wikipedia.org//wiki/Levenberg%E2%80%93Marquardt_algorithm
Computational mathematics,Optimization algorithms,,,Nelder–Mead method,,https://en.wikipedia.org//wiki/Nelder%E2%80%93Mead_method
Computational mathematics,Optimization algorithms,,,Odds algorithm,,https://en.wikipedia.org//wiki/Odds_algorithm
Computational mathematics,Optimization algorithms,,,Simulated annealing,,https://en.wikipedia.org//wiki/Simulated_annealing
Computational mathematics,Optimization algorithms,,,Stochastic tunneling,,https://en.wikipedia.org//wiki/Stochastic_tunneling
Computational mathematics,Optimization algorithms,,,Subset sum problem,Subset sum,https://en.wikipedia.org//wiki/Subset_sum_problem
Computational science,Astronomy,,,Doomsday algorithm,,https://en.wikipedia.org//wiki/Doomsday_algorithm
Computational science,Astronomy,,,Zeller's congruence,,https://en.wikipedia.org//wiki/Zeller%27s_congruence
Computational science,Astronomy,,,Computus,Easter algorithms,https://en.wikipedia.org//wiki/Computus
Computational science,Bioinformatics,,,Basic Local Alignment Search Tool,,https://en.wikipedia.org//wiki/Basic_Local_Alignment_Search_Tool
Computational science,Bioinformatics,,,Kabsch algorithm,,https://en.wikipedia.org//wiki/Kabsch_algorithm
Computational science,Bioinformatics,,,Velvet (algorithm),Velvet,https://en.wikipedia.org//wiki/Velvet_(algorithm)
Computational science,Bioinformatics,,,Sorting by signed reversals (page does not exist),Sorting by signed reversals,https://en.wikipedia.org//w/index.php?title=Sorting_by_signed_reversals&action=edit&redlink=1
Computational science,Bioinformatics,,,Maximum parsimony (phylogenetics),,https://en.wikipedia.org//wiki/Maximum_parsimony_(phylogenetics)
Computational science,Bioinformatics,,,UPGMA,,https://en.wikipedia.org//wiki/UPGMA
Computational science,Geoscience,,,Vincenty's formulae,,https://en.wikipedia.org//wiki/Vincenty%27s_formulae
Computational science,Geoscience,,,Geohash,,https://en.wikipedia.org//wiki/Geohash
Computational science,Linguistics,,,Lesk algorithm,,https://en.wikipedia.org//wiki/Lesk_algorithm
Computational science,Linguistics,,,Stemming,Stemming algorithm,https://en.wikipedia.org//wiki/Stemming
Computational science,Linguistics,,,Sukhotin's algorithm,,https://en.wikipedia.org//wiki/Sukhotin%27s_algorithm
Computational science,Medicine,,,ESC algorithm,,https://en.wikipedia.org//wiki/ESC_algorithm
Computational science,Medicine,,,Manning Criteria,,https://en.wikipedia.org//wiki/Manning_Criteria
Computational science,Medicine,,,Pulmonary embolism,,https://en.wikipedia.org//wiki/Pulmonary_embolism#Algorithms
Computational science,Medicine,,,Texas Medication Algorithm Project,,https://en.wikipedia.org//wiki/Texas_Medication_Algorithm_Project
Computational science,Physics,,,Constraint algorithm,,https://en.wikipedia.org//wiki/Constraint_algorithm
Computational science,Physics,,,Demon algorithm,,https://en.wikipedia.org//wiki/Demon_algorithm
Computational science,Physics,,,Featherstone's algorithm,,https://en.wikipedia.org//wiki/Featherstone%27s_algorithm
Computational science,Physics,,,Ritz method,,https://en.wikipedia.org//wiki/Ritz_method
Computational science,Physics,,,Barnes–Hut simulation,,https://en.wikipedia.org//wiki/Barnes%E2%80%93Hut_simulation
Computational science,Physics,,,Fast multipole method,,https://en.wikipedia.org//wiki/Fast_multipole_method
Computational science,Physics,,,Rainflow-counting algorithm,,https://en.wikipedia.org//wiki/Rainflow-counting_algorithm
Computational science,Physics,,,Sweep and prune,,https://en.wikipedia.org//wiki/Sweep_and_prune
Computational science,Physics,,,VEGAS algorithm,,https://en.wikipedia.org//wiki/VEGAS_algorithm
Computational science,Statistics,,,Algorithms for calculating variance,,https://en.wikipedia.org//wiki/Algorithms_for_calculating_variance
Computational science,Statistics,,,Approximate counting algorithm,,https://en.wikipedia.org//wiki/Approximate_counting_algorithm
Computational science,Statistics,,,Nested sampling algorithm,,https://en.wikipedia.org//wiki/Nested_sampling_algorithm
Computational science,Statistics,,,UPGMA,Average-linkage clustering,https://en.wikipedia.org//wiki/UPGMA
Computational science,Statistics,,,Canopy clustering algorithm,,https://en.wikipedia.org//wiki/Canopy_clustering_algorithm
Computational science,Statistics,,,Complete-linkage clustering,,https://en.wikipedia.org//wiki/Complete-linkage_clustering
Computational science,Statistics,,,DBSCAN,,https://en.wikipedia.org//wiki/DBSCAN
Computational science,Statistics,,,Expectation-maximization algorithm,,https://en.wikipedia.org//wiki/Expectation-maximization_algorithm
Computational science,Statistics,,,Fuzzy clustering,Fuzzy c-means,https://en.wikipedia.org//wiki/Fuzzy_clustering#Fuzzy_c-means_clustering
Computational science,Statistics,,,FLAME clustering,,https://en.wikipedia.org//wiki/FLAME_clustering
Computational science,Statistics,,,KHOPCA clustering algorithm,,https://en.wikipedia.org//wiki/KHOPCA_clustering_algorithm
Computational science,Statistics,,,K-means clustering,k-means clustering,https://en.wikipedia.org//wiki/K-means_clustering
Computational science,Statistics,,,K-means++,k-means++,https://en.wikipedia.org//wiki/K-means%2B%2B
Computational science,Statistics,,,K-medoids,k-medoids,https://en.wikipedia.org//wiki/K-medoids
Computational science,Statistics,,,Linde–Buzo–Gray algorithm,,https://en.wikipedia.org//wiki/Linde%E2%80%93Buzo%E2%80%93Gray_algorithm
Computational science,Statistics,,,Lloyd's algorithm,,https://en.wikipedia.org//wiki/Lloyd%27s_algorithm
Computational science,Statistics,,,OPTICS algorithm,OPTICS,https://en.wikipedia.org//wiki/OPTICS_algorithm
Computational science,Statistics,,,Single-linkage clustering,,https://en.wikipedia.org//wiki/Single-linkage_clustering
Computational science,Statistics,,,SUBCLU,,https://en.wikipedia.org//wiki/SUBCLU
Computational science,Statistics,,,Ward's method,,https://en.wikipedia.org//wiki/Ward%27s_method
Computational science,Statistics,,,WACA clustering algorithm,,https://en.wikipedia.org//wiki/WACA_clustering_algorithm
Computational science,Statistics,,,Ordered subset expectation maximization,,https://en.wikipedia.org//wiki/Ordered_subset_expectation_maximization
Computational science,Statistics,,,Odds algorithm,,https://en.wikipedia.org//wiki/Odds_algorithm
Computational science,Statistics,,,Kalman filter,,https://en.wikipedia.org//wiki/Kalman_filter
Computational science,Statistics,,,False nearest neighbor algorithm,,https://en.wikipedia.org//wiki/False_nearest_neighbor_algorithm
Computational science,Statistics,,,Baum–Welch algorithm,,https://en.wikipedia.org//wiki/Baum%E2%80%93Welch_algorithm
Computational science,Statistics,,,Forward-backward algorithm,,https://en.wikipedia.org//wiki/Forward-backward_algorithm
Computational science,Statistics,,,Viterbi algorithm,,https://en.wikipedia.org//wiki/Viterbi_algorithm
Computational science,Statistics,,,Partial least squares regression,,https://en.wikipedia.org//wiki/Partial_least_squares_regression
Computational science,Statistics,,,Buzen's algorithm,,https://en.wikipedia.org//wiki/Buzen%27s_algorithm
Computational science,Statistics,,,RANSAC,,https://en.wikipedia.org//wiki/RANSAC
Computational science,Statistics,,,Scoring algorithm,,https://en.wikipedia.org//wiki/Scoring_algorithm
Computational science,Statistics,,,Yamartino method,,https://en.wikipedia.org//wiki/Yamartino_method
Computational science,Statistics,,,Ziggurat algorithm,,https://en.wikipedia.org//wiki/Ziggurat_algorithm
Computer science,Computer architecture,,,Tomasulo algorithm,,https://en.wikipedia.org//wiki/Tomasulo_algorithm
Computer science,Computer graphics,,,Cohen–Sutherland,,https://en.wikipedia.org//wiki/Cohen%E2%80%93Sutherland
Computer science,Computer graphics,,,Cyrus–Beck,,https://en.wikipedia.org//wiki/Cyrus%E2%80%93Beck
Computer science,Computer graphics,,,Fast clipping,Fast-clipping,https://en.wikipedia.org//wiki/Fast_clipping
Computer science,Computer graphics,,,Liang–Barsky,,https://en.wikipedia.org//wiki/Liang%E2%80%93Barsky
Computer science,Computer graphics,,,Nicholl–Lee–Nicholl,,https://en.wikipedia.org//wiki/Nicholl%E2%80%93Lee%E2%80%93Nicholl
Computer science,Computer graphics,,,Sutherland–Hodgman,,https://en.wikipedia.org//wiki/Sutherland%E2%80%93Hodgman
Computer science,Computer graphics,,,Vatti clipping algorithm,Vatti,https://en.wikipedia.org//wiki/Vatti_clipping_algorithm
Computer science,Computer graphics,,,Weiler–Atherton,,https://en.wikipedia.org//wiki/Weiler%E2%80%93Atherton
Computer science,Computer graphics,,,Marching cubes,,https://en.wikipedia.org//wiki/Marching_cubes
Computer science,Computer graphics,,,Marching squares,,https://en.wikipedia.org//wiki/Marching_squares
Computer science,Computer graphics,,,Marching tetrahedrons,,https://en.wikipedia.org//wiki/Marching_tetrahedrons
Computer science,Computer graphics,,,Discrete Green's Theorem (page does not exist),Discrete Green's Theorem,https://en.wikipedia.org//w/index.php?title=Discrete_Green%27s_Theorem&action=edit&redlink=1
Computer science,Computer graphics,,,Flood fill,,https://en.wikipedia.org//wiki/Flood_fill
Computer science,Computer graphics,,,Ambient occlusion,,https://en.wikipedia.org//wiki/Ambient_occlusion
Computer science,Computer graphics,,,Beam tracing,,https://en.wikipedia.org//wiki/Beam_tracing
Computer science,Computer graphics,,,Cone tracing,,https://en.wikipedia.org//wiki/Cone_tracing
Computer science,Computer graphics,,,Image-based lighting,,https://en.wikipedia.org//wiki/Image-based_lighting
Computer science,Computer graphics,,,Metropolis light transport,,https://en.wikipedia.org//wiki/Metropolis_light_transport
Computer science,Computer graphics,,,Path tracing,,https://en.wikipedia.org//wiki/Path_tracing
Computer science,Computer graphics,,,Photon mapping,,https://en.wikipedia.org//wiki/Photon_mapping
Computer science,Computer graphics,,,Radiosity (3D computer graphics),Radiosity,https://en.wikipedia.org//wiki/Radiosity_(3D_computer_graphics)
Computer science,Computer graphics,,,Ray tracing (graphics),Ray tracing,https://en.wikipedia.org//wiki/Ray_tracing_(graphics)
Computer science,Computer graphics,,,Newell's algorithm,,https://en.wikipedia.org//wiki/Newell%27s_algorithm
Computer science,Computer graphics,,,Painter's algorithm,,https://en.wikipedia.org//wiki/Painter%27s_algorithm
Computer science,Computer graphics,,,Scanline rendering,,https://en.wikipedia.org//wiki/Scanline_rendering
Computer science,Computer graphics,,,Warnock algorithm,,https://en.wikipedia.org//wiki/Warnock_algorithm
Computer science,Computer graphics,,,Bresenham's line algorithm,,https://en.wikipedia.org//wiki/Bresenham%27s_line_algorithm
Computer science,Computer graphics,,,Digital Differential Analyzer (graphics algorithm),DDA line algorithm,https://en.wikipedia.org//wiki/Digital_Differential_Analyzer_(graphics_algorithm)
Computer science,Computer graphics,,,Xiaolin Wu's line algorithm,,https://en.wikipedia.org//wiki/Xiaolin_Wu%27s_line_algorithm
Computer science,Computer graphics,,,Midpoint circle algorithm,,https://en.wikipedia.org//wiki/Midpoint_circle_algorithm
Computer science,Computer graphics,,,Ramer–Douglas–Peucker algorithm,,https://en.wikipedia.org//wiki/Ramer%E2%80%93Douglas%E2%80%93Peucker_algorithm
Computer science,Computer graphics,,,Gouraud shading,,https://en.wikipedia.org//wiki/Gouraud_shading
Computer science,Computer graphics,,,Phong shading,,https://en.wikipedia.org//wiki/Phong_shading
Computer science,Computer graphics,,,Slerp,,https://en.wikipedia.org//wiki/Slerp
Computer science,Computer graphics,,,Summed area table,,https://en.wikipedia.org//wiki/Summed_area_table
Computer science,Cryptography,,,ElGamal encryption,ElGamal,https://en.wikipedia.org//wiki/ElGamal_encryption
Computer science,Cryptography,,,Elliptic curve cryptography,,https://en.wikipedia.org//wiki/Elliptic_curve_cryptography
Computer science,Cryptography,,,Matei Array Encreption 1 (page does not exist),MAE1,https://en.wikipedia.org//w/index.php?title=Matei_Array_Encreption_1&action=edit&redlink=1
Computer science,Cryptography,,,NTRUEncrypt,,https://en.wikipedia.org//wiki/NTRUEncrypt
Computer science,Cryptography,,,RSA (cryptosystem),RSA,https://en.wikipedia.org//wiki/RSA_(cryptosystem)
Computer science,Cryptography,,,ECDSA,,https://en.wikipedia.org//wiki/ECDSA
Computer science,Cryptography,,,EdDSA,,https://en.wikipedia.org//wiki/EdDSA
Computer science,Cryptography,,,RSA (cryptosystem),RSA,https://en.wikipedia.org//wiki/RSA_(cryptosystem)
Computer science,Cryptography,,,BLAKE (hash function),BLAKE,https://en.wikipedia.org//wiki/BLAKE_(hash_function)
Computer science,Cryptography,,,MD5,,https://en.wikipedia.org//wiki/MD5
Computer science,Cryptography,,,RIPEMD-160,,https://en.wikipedia.org//wiki/RIPEMD-160
Computer science,Cryptography,,,SHA-1,,https://en.wikipedia.org//wiki/SHA-1
Computer science,Cryptography,,,SHA-2,,https://en.wikipedia.org//wiki/SHA-2
Computer science,Cryptography,,,SHA-3,,https://en.wikipedia.org//wiki/SHA-3
Computer science,Cryptography,,,Tiger (hash),Tiger,https://en.wikipedia.org//wiki/Tiger_(hash)
Computer science,Cryptography,,,WHIRLPOOL,,https://en.wikipedia.org//wiki/WHIRLPOOL
Computer science,Cryptography,,,Blum Blum Shub,,https://en.wikipedia.org//wiki/Blum_Blum_Shub
Computer science,Cryptography,,,Fortuna (PRNG),Fortuna,https://en.wikipedia.org//wiki/Fortuna_(PRNG)
Computer science,Cryptography,,,Linear-feedback shift register,,https://en.wikipedia.org//wiki/Linear-feedback_shift_register
Computer science,Cryptography,,,Yarrow algorithm,,https://en.wikipedia.org//wiki/Yarrow_algorithm
Computer science,Cryptography,,,Diffie–Hellman key exchange,,https://en.wikipedia.org//wiki/Diffie%E2%80%93Hellman_key_exchange
Computer science,Cryptography,,,Elliptic-curve Diffie-Hellman,,https://en.wikipedia.org//wiki/Elliptic-curve_Diffie-Hellman
Computer science,Cryptography,,,Bcrypt,bcrypt,https://en.wikipedia.org//wiki/Bcrypt
Computer science,Cryptography,,,PBKDF2,,https://en.wikipedia.org//wiki/PBKDF2
Computer science,Cryptography,,,Scrypt,scrypt,https://en.wikipedia.org//wiki/Scrypt
Computer science,Cryptography,,,Argon2,,https://en.wikipedia.org//wiki/Argon2
Computer science,Cryptography,,,Keyed-hash message authentication code,HMAC,https://en.wikipedia.org//wiki/Keyed-hash_message_authentication_code
Computer science,Cryptography,,,Poly1305,,https://en.wikipedia.org//wiki/Poly1305
Computer science,Cryptography,,,SipHash,,https://en.wikipedia.org//wiki/SipHash
Computer science,Cryptography,,,Shamir's Secret Sharing,Shamir's Scheme,https://en.wikipedia.org//wiki/Shamir%27s_Secret_Sharing
Computer science,Cryptography,,,Advanced Encryption Standard,,https://en.wikipedia.org//wiki/Advanced_Encryption_Standard
Computer science,Cryptography,,,Blowfish (cipher),Blowfish,https://en.wikipedia.org//wiki/Blowfish_(cipher)
Computer science,Cryptography,,,Twofish,,https://en.wikipedia.org//wiki/Twofish
Computer science,Cryptography,,,Threefish,,https://en.wikipedia.org//wiki/Threefish
Computer science,Cryptography,,,Data Encryption Standard,,https://en.wikipedia.org//wiki/Data_Encryption_Standard
Computer science,Cryptography,,,International Data Encryption Algorithm,IDEA,https://en.wikipedia.org//wiki/International_Data_Encryption_Algorithm
Computer science,Cryptography,,,RC4 (cipher),,https://en.wikipedia.org//wiki/RC4_(cipher)
Computer science,Cryptography,,,Tiny Encryption Algorithm,,https://en.wikipedia.org//wiki/Tiny_Encryption_Algorithm
Computer science,Cryptography,,,Salsa20,,https://en.wikipedia.org//wiki/Salsa20
Computer science,Cryptography,,,Post-quantum cryptography,,https://en.wikipedia.org//wiki/Post-quantum_cryptography
Computer science,Cryptography,,,Proof-of-work system,Proof-of-work algorithms,https://en.wikipedia.org//wiki/Proof-of-work_system
Computer science,Digital logic,,,Quine–McCluskey algorithm,,https://en.wikipedia.org//wiki/Quine%E2%80%93McCluskey_algorithm
Computer science,Digital logic,,,Petrick's method,,https://en.wikipedia.org//wiki/Petrick%27s_method
Computer science,Digital logic,,,Espresso heuristic logic minimizer,,https://en.wikipedia.org//wiki/Espresso_heuristic_logic_minimizer
Computer science,Machine learning and statistical classification,,,ALOPEX,,https://en.wikipedia.org//wiki/ALOPEX
Computer science,Machine learning and statistical classification,,,Apriori algorithm,,https://en.wikipedia.org//wiki/Apriori_algorithm
Computer science,Machine learning and statistical classification,,,Eclat algorithm,,https://en.wikipedia.org//wiki/Eclat_algorithm
Computer science,Machine learning and statistical classification,,,Association rule learning,FP-growth algorithm,https://en.wikipedia.org//wiki/Association_rule_learning#FP-growth_algorithm
Computer science,Machine learning and statistical classification,,,One-attribute rule,,https://en.wikipedia.org//wiki/One-attribute_rule
Computer science,Machine learning and statistical classification,,,Association rule learning,Zero-attribute rule,https://en.wikipedia.org//wiki/Association_rule_learning#Zero-attribute_rule
Computer science,Machine learning and statistical classification,,,AdaBoost,,https://en.wikipedia.org//wiki/AdaBoost
Computer science,Machine learning and statistical classification,,,BrownBoost,,https://en.wikipedia.org//wiki/BrownBoost
Computer science,Machine learning and statistical classification,,,LogitBoost,,https://en.wikipedia.org//wiki/LogitBoost
Computer science,Machine learning and statistical classification,,,LPBoost,,https://en.wikipedia.org//wiki/LPBoost
Computer science,Machine learning and statistical classification,,,Bootstrap aggregating,,https://en.wikipedia.org//wiki/Bootstrap_aggregating
Computer science,Machine learning and statistical classification,,,Grabcut,,https://en.wikipedia.org//wiki/Grabcut
Computer science,Machine learning and statistical classification,,,C4.5 algorithm,,https://en.wikipedia.org//wiki/C4.5_algorithm
Computer science,Machine learning and statistical classification,,,ID3 algorithm,,https://en.wikipedia.org//wiki/ID3_algorithm
Computer science,Machine learning and statistical classification,,,K-nearest neighbors,k-nearest neighbors,https://en.wikipedia.org//wiki/K-nearest_neighbors
Computer science,Machine learning and statistical classification,,,Linde–Buzo–Gray algorithm,,https://en.wikipedia.org//wiki/Linde%E2%80%93Buzo%E2%80%93Gray_algorithm
Computer science,Machine learning and statistical classification,,,Locality-sensitive hashing,,https://en.wikipedia.org//wiki/Locality-sensitive_hashing
Computer science,Machine learning and statistical classification,,,Backpropagation,,https://en.wikipedia.org//wiki/Backpropagation
Computer science,Machine learning and statistical classification,,,Hopfield net,,https://en.wikipedia.org//wiki/Hopfield_net
Computer science,Machine learning and statistical classification,,,Perceptron,,https://en.wikipedia.org//wiki/Perceptron
Computer science,Machine learning and statistical classification,,,Pulse-coupled neural networks,,https://en.wikipedia.org//wiki/Pulse-coupled_neural_networks
Computer science,Machine learning and statistical classification,,,Radial basis function network,,https://en.wikipedia.org//wiki/Radial_basis_function_network
Computer science,Machine learning and statistical classification,,,Self-organizing map,,https://en.wikipedia.org//wiki/Self-organizing_map
Computer science,Machine learning and statistical classification,,,Random forest,,https://en.wikipedia.org//wiki/Random_forest
Computer science,Machine learning and statistical classification,,,Q-learning,,https://en.wikipedia.org//wiki/Q-learning
Computer science,Machine learning and statistical classification,,,State-Action-Reward-State-Action,,https://en.wikipedia.org//wiki/State-Action-Reward-State-Action
Computer science,Machine learning and statistical classification,,,Temporal difference learning,,https://en.wikipedia.org//wiki/Temporal_difference_learning
Computer science,Machine learning and statistical classification,,,Relevance Vector Machine,,https://en.wikipedia.org//wiki/Relevance_Vector_Machine
Computer science,Machine learning and statistical classification,,,Supervised Learning (page does not exist),Supervised Learning,https://en.wikipedia.org//w/index.php?title=Supervised_Learning&action=edit&redlink=1
Computer science,Machine learning and statistical classification,,,Structured SVM,,https://en.wikipedia.org//wiki/Structured_SVM
Computer science,Machine learning and statistical classification,,,Winnow algorithm,,https://en.wikipedia.org//wiki/Winnow_algorithm
Computer science,Programming language theory,,,C3 linearization,,https://en.wikipedia.org//wiki/C3_linearization
Computer science,Programming language theory,,,Chaitin's algorithm,,https://en.wikipedia.org//wiki/Chaitin%27s_algorithm
Computer science,Programming language theory,,,Hindley-Milner type inference,Hindley–Milner type inference algorithm,https://en.wikipedia.org//wiki/Hindley-Milner_type_inference
Computer science,Programming language theory,,,Rete algorithm,,https://en.wikipedia.org//wiki/Rete_algorithm
Computer science,Programming language theory,,,Sethi-Ullman algorithm,,https://en.wikipedia.org//wiki/Sethi-Ullman_algorithm
Computer science,Programming language theory,Parsing,,CYK algorithm,,https://en.wikipedia.org//wiki/CYK_algorithm
Computer science,Programming language theory,Parsing,,Earley parser,,https://en.wikipedia.org//wiki/Earley_parser
Computer science,Programming language theory,Parsing,,GLR parser,,https://en.wikipedia.org//wiki/GLR_parser
Computer science,Programming language theory,Parsing,,Inside-outside algorithm,,https://en.wikipedia.org//wiki/Inside-outside_algorithm
Computer science,Programming language theory,Parsing,,LL parser,,https://en.wikipedia.org//wiki/LL_parser
Computer science,Programming language theory,Parsing,,Canonical LR parser,,https://en.wikipedia.org//wiki/Canonical_LR_parser
Computer science,Programming language theory,Parsing,,Look-ahead LR parser,LALR (Look-ahead LR) parser,https://en.wikipedia.org//wiki/Look-ahead_LR_parser
Computer science,Programming language theory,Parsing,,Operator-precedence parser,,https://en.wikipedia.org//wiki/Operator-precedence_parser
Computer science,Programming language theory,Parsing,,Simple LR parser,SLR (Simple LR) parser,https://en.wikipedia.org//wiki/Simple_LR_parser
Computer science,Programming language theory,Parsing,,Simple precedence parser,,https://en.wikipedia.org//wiki/Simple_precedence_parser
Computer science,Programming language theory,Parsing,,Packrat parser,,https://en.wikipedia.org//wiki/Packrat_parser
Computer science,Programming language theory,Parsing,,Recursive descent parser,,https://en.wikipedia.org//wiki/Recursive_descent_parser
Computer science,Programming language theory,Parsing,,Shunting yard algorithm,,https://en.wikipedia.org//wiki/Shunting_yard_algorithm
Computer science,Programming language theory,Parsing,,Pratt parser,,https://en.wikipedia.org//wiki/Pratt_parser
Computer science,Programming language theory,Parsing,,Lexical analysis,,https://en.wikipedia.org//wiki/Lexical_analysis
Computer science,Quantum algorithms,,,Deutsch-Jozsa algorithm,,https://en.wikipedia.org//wiki/Deutsch-Jozsa_algorithm
Computer science,Quantum algorithms,,,Grover's algorithm,,https://en.wikipedia.org//wiki/Grover%27s_algorithm
Computer science,Quantum algorithms,,,Shor's algorithm,,https://en.wikipedia.org//wiki/Shor%27s_algorithm
Computer science,Quantum algorithms,,,Simon's algorithm,,https://en.wikipedia.org//wiki/Simon%27s_algorithm
Computer science,Theory of computation and automata,,,DFA minimization,Hopcroft's algorithm,https://en.wikipedia.org//wiki/DFA_minimization#Hopcroft's_algorithm
Computer science,Theory of computation and automata,,,Powerset construction,,https://en.wikipedia.org//wiki/Powerset_construction
Computer science,Theory of computation and automata,,,Tarski–Kuratowski algorithm,,https://en.wikipedia.org//wiki/Tarski%E2%80%93Kuratowski_algorithm
Information theory and signal processing,Coding theory,Error detection and correction,,Berlekamp–Massey algorithm,,https://en.wikipedia.org//wiki/Berlekamp%E2%80%93Massey_algorithm
Information theory and signal processing,Coding theory,Error detection and correction,,Peterson–Gorenstein–Zierler algorithm,,https://en.wikipedia.org//wiki/Peterson%E2%80%93Gorenstein%E2%80%93Zierler_algorithm
Information theory and signal processing,Coding theory,Error detection and correction,,Reed–Solomon error correction,,https://en.wikipedia.org//wiki/Reed%E2%80%93Solomon_error_correction
Information theory and signal processing,Coding theory,Error detection and correction,,BCJR algorithm,,https://en.wikipedia.org//wiki/BCJR_algorithm
Information theory and signal processing,Coding theory,Error detection and correction,,Forward error correction,,https://en.wikipedia.org//wiki/Forward_error_correction
Information theory and signal processing,Coding theory,Error detection and correction,,Gray code,,https://en.wikipedia.org//wiki/Gray_code
Information theory and signal processing,Coding theory,Error detection and correction,,"Hamming(7,4)",,"https://en.wikipedia.org//wiki/Hamming(7,4)"
Information theory and signal processing,Coding theory,Error detection and correction,,Hamming distance,,https://en.wikipedia.org//wiki/Hamming_distance
Information theory and signal processing,Coding theory,Error detection and correction,,Hamming weight,,https://en.wikipedia.org//wiki/Hamming_weight
Information theory and signal processing,Coding theory,Error detection and correction,,Adler-32,,https://en.wikipedia.org//wiki/Adler-32
Information theory and signal processing,Coding theory,Error detection and correction,,Cyclic redundancy check,,https://en.wikipedia.org//wiki/Cyclic_redundancy_check
Information theory and signal processing,Coding theory,Error detection and correction,,Damm algorithm,,https://en.wikipedia.org//wiki/Damm_algorithm
Information theory and signal processing,Coding theory,Error detection and correction,,Fletcher's checksum,,https://en.wikipedia.org//wiki/Fletcher%27s_checksum
Information theory and signal processing,Coding theory,Error detection and correction,,Longitudinal redundancy check,,https://en.wikipedia.org//wiki/Longitudinal_redundancy_check
Information theory and signal processing,Coding theory,Error detection and correction,,Luhn algorithm,,https://en.wikipedia.org//wiki/Luhn_algorithm
Information theory and signal processing,Coding theory,Error detection and correction,,Luhn mod N algorithm,,https://en.wikipedia.org//wiki/Luhn_mod_N_algorithm
Information theory and signal processing,Coding theory,Error detection and correction,,Parity bit,Parity,https://en.wikipedia.org//wiki/Parity_bit
Information theory and signal processing,Coding theory,Error detection and correction,,Verhoeff algorithm,,https://en.wikipedia.org//wiki/Verhoeff_algorithm
Information theory and signal processing,Coding theory,Lossless compression algorithms,,Burrows–Wheeler transform,,https://en.wikipedia.org//wiki/Burrows%E2%80%93Wheeler_transform
Information theory and signal processing,Coding theory,Lossless compression algorithms,,Context tree weighting,,https://en.wikipedia.org//wiki/Context_tree_weighting
Information theory and signal processing,Coding theory,Lossless compression algorithms,,Delta encoding,,https://en.wikipedia.org//wiki/Delta_encoding
Information theory and signal processing,Coding theory,Lossless compression algorithms,,Dynamic Markov compression,,https://en.wikipedia.org//wiki/Dynamic_Markov_compression
Information theory and signal processing,Coding theory,Lossless compression algorithms,,Byte pair encoding,,https://en.wikipedia.org//wiki/Byte_pair_encoding
Information theory and signal processing,Coding theory,Lossless compression algorithms,,DEFLATE (algorithm),DEFLATE,https://en.wikipedia.org//wiki/DEFLATE_(algorithm)
Information theory and signal processing,Coding theory,Lossless compression algorithms,,LZ77 and LZ78,,https://en.wikipedia.org//wiki/LZ77_and_LZ78
Information theory and signal processing,Coding theory,Lossless compression algorithms,,LZJB,Lempel–Ziv Jeff Bonwick,https://en.wikipedia.org//wiki/LZJB
Information theory and signal processing,Coding theory,Lossless compression algorithms,,Lempel–Ziv–Markov chain algorithm,,https://en.wikipedia.org//wiki/Lempel%E2%80%93Ziv%E2%80%93Markov_chain_algorithm
Information theory and signal processing,Coding theory,Lossless compression algorithms,,Lempel–Ziv–Oberhumer,,https://en.wikipedia.org//wiki/Lempel%E2%80%93Ziv%E2%80%93Oberhumer
Information theory and signal processing,Coding theory,Lossless compression algorithms,,Lempel–Ziv–Stac,,https://en.wikipedia.org//wiki/Lempel%E2%80%93Ziv%E2%80%93Stac
Information theory and signal processing,Coding theory,Lossless compression algorithms,,Lempel–Ziv–Storer–Szymanski,,https://en.wikipedia.org//wiki/Lempel%E2%80%93Ziv%E2%80%93Storer%E2%80%93Szymanski
Information theory and signal processing,Coding theory,Lossless compression algorithms,,Lempel–Ziv–Welch,,https://en.wikipedia.org//wiki/Lempel%E2%80%93Ziv%E2%80%93Welch
Information theory and signal processing,Coding theory,Lossless compression algorithms,,LZWL,,https://en.wikipedia.org//wiki/LZWL
Information theory and signal processing,Coding theory,Lossless compression algorithms,,LZX,,https://en.wikipedia.org//wiki/LZX
Information theory and signal processing,Coding theory,Lossless compression algorithms,,LZRW,Lempel–Ziv Ross Williams,https://en.wikipedia.org//wiki/LZRW
Information theory and signal processing,Coding theory,Lossless compression algorithms,,Range encoding,,https://en.wikipedia.org//wiki/Range_encoding
Information theory and signal processing,Coding theory,Lossless compression algorithms,,Adaptive Huffman coding,,https://en.wikipedia.org//wiki/Adaptive_Huffman_coding
Information theory and signal processing,Coding theory,Lossless compression algorithms,,Package-merge algorithm,,https://en.wikipedia.org//wiki/Package-merge_algorithm
Information theory and signal processing,Coding theory,Lossless compression algorithms,,Shannon–Fano coding,,https://en.wikipedia.org//wiki/Shannon%E2%80%93Fano_coding
Information theory and signal processing,Coding theory,Lossless compression algorithms,,Shannon–Fano–Elias coding,,https://en.wikipedia.org//wiki/Shannon%E2%80%93Fano%E2%80%93Elias_coding
Information theory and signal processing,Coding theory,Lossless compression algorithms,,Golomb coding,,https://en.wikipedia.org//wiki/Golomb_coding
Information theory and signal processing,Coding theory,Lossless compression algorithms,,Rice coding,,https://en.wikipedia.org//wiki/Rice_coding
Information theory and signal processing,Coding theory,Lossless compression algorithms,,Truncated binary encoding,,https://en.wikipedia.org//wiki/Truncated_binary_encoding
Information theory and signal processing,Coding theory,Lossless compression algorithms,,Unary coding,,https://en.wikipedia.org//wiki/Unary_coding
Information theory and signal processing,Coding theory,Lossless compression algorithms,,Elias delta coding,delta,https://en.wikipedia.org//wiki/Elias_delta_coding
Information theory and signal processing,Coding theory,Lossless compression algorithms,,Exponential-Golomb coding,,https://en.wikipedia.org//wiki/Exponential-Golomb_coding
Information theory and signal processing,Coding theory,Lossless compression algorithms,,Fibonacci coding,,https://en.wikipedia.org//wiki/Fibonacci_coding
Information theory and signal processing,Coding theory,Lossless compression algorithms,,Levenshtein coding,,https://en.wikipedia.org//wiki/Levenshtein_coding
Information theory and signal processing,Coding theory,Lossless compression algorithms,,FELICS,Fast Efficient & Lossless Image Compression System,https://en.wikipedia.org//wiki/FELICS
Information theory and signal processing,Coding theory,Lossless compression algorithms,,Incremental encoding,,https://en.wikipedia.org//wiki/Incremental_encoding
Information theory and signal processing,Coding theory,Lossless compression algorithms,,PPM compression algorithm,Prediction by partial matching,https://en.wikipedia.org//wiki/PPM_compression_algorithm
Information theory and signal processing,Coding theory,Lossless compression algorithms,,Run-length encoding,,https://en.wikipedia.org//wiki/Run-length_encoding
Information theory and signal processing,Coding theory,Lossless compression algorithms,,SEQUITUR algorithm,,https://en.wikipedia.org//wiki/SEQUITUR_algorithm
Information theory and signal processing,Coding theory,Lossy compression algorithms,,3Dc,,https://en.wikipedia.org//wiki/3Dc
Information theory and signal processing,Coding theory,Lossy compression algorithms,,A-law algorithm,,https://en.wikipedia.org//wiki/A-law_algorithm
Information theory and signal processing,Coding theory,Lossy compression algorithms,,Code-excited linear prediction,,https://en.wikipedia.org//wiki/Code-excited_linear_prediction
Information theory and signal processing,Coding theory,Lossy compression algorithms,,Linear predictive coding,,https://en.wikipedia.org//wiki/Linear_predictive_coding
Information theory and signal processing,Coding theory,Lossy compression algorithms,,Mu-law algorithm,,https://en.wikipedia.org//wiki/Mu-law_algorithm
Information theory and signal processing,Coding theory,Lossy compression algorithms,,Warped Linear Predictive Coding,,https://en.wikipedia.org//wiki/Warped_Linear_Predictive_Coding
Information theory and signal processing,Coding theory,Lossy compression algorithms,,Block Truncation Coding,,https://en.wikipedia.org//wiki/Block_Truncation_Coding
Information theory and signal processing,Coding theory,Lossy compression algorithms,,Embedded Zerotree Wavelet,,https://en.wikipedia.org//wiki/Embedded_Zerotree_Wavelet
Information theory and signal processing,Coding theory,Lossy compression algorithms,,Fast Cosine Transform,Fast Cosine Transform algorithms,https://en.wikipedia.org//wiki/Fast_Cosine_Transform
Information theory and signal processing,Coding theory,Lossy compression algorithms,,Fractal compression,,https://en.wikipedia.org//wiki/Fractal_compression
Information theory and signal processing,Coding theory,Lossy compression algorithms,,Set Partitioning in Hierarchical Trees,,https://en.wikipedia.org//wiki/Set_Partitioning_in_Hierarchical_Trees
Information theory and signal processing,Coding theory,Lossy compression algorithms,,Wavelet compression,,https://en.wikipedia.org//wiki/Wavelet_compression
Information theory and signal processing,Coding theory,Lossy compression algorithms,,Transform coding,,https://en.wikipedia.org//wiki/Transform_coding
Information theory and signal processing,Coding theory,Lossy compression algorithms,,Video compression,,https://en.wikipedia.org//wiki/Video_compression
Information theory and signal processing,Coding theory,Lossy compression algorithms,,Vector quantization,,https://en.wikipedia.org//wiki/Vector_quantization
Information theory and signal processing,Digital signal processing,,,Adaptive-additive algorithm,,https://en.wikipedia.org//wiki/Adaptive-additive_algorithm
Information theory and signal processing,Digital signal processing,,,Bluestein's FFT algorithm,,https://en.wikipedia.org//wiki/Bluestein%27s_FFT_algorithm
Information theory and signal processing,Digital signal processing,,,Bruun's FFT algorithm,,https://en.wikipedia.org//wiki/Bruun%27s_FFT_algorithm
Information theory and signal processing,Digital signal processing,,,Cooley–Tukey FFT algorithm,,https://en.wikipedia.org//wiki/Cooley%E2%80%93Tukey_FFT_algorithm
Information theory and signal processing,Digital signal processing,,,Fast Fourier transform,,https://en.wikipedia.org//wiki/Fast_Fourier_transform
Information theory and signal processing,Digital signal processing,,,Prime-factor FFT algorithm,,https://en.wikipedia.org//wiki/Prime-factor_FFT_algorithm
Information theory and signal processing,Digital signal processing,,,Rader's FFT algorithm,,https://en.wikipedia.org//wiki/Rader%27s_FFT_algorithm
Information theory and signal processing,Digital signal processing,,,Fast folding algorithm,,https://en.wikipedia.org//wiki/Fast_folding_algorithm
Information theory and signal processing,Digital signal processing,,,Gerchberg–Saxton algorithm,,https://en.wikipedia.org//wiki/Gerchberg%E2%80%93Saxton_algorithm
Information theory and signal processing,Digital signal processing,,,Goertzel algorithm,,https://en.wikipedia.org//wiki/Goertzel_algorithm
Information theory and signal processing,Digital signal processing,,,Karplus-Strong string synthesis,,https://en.wikipedia.org//wiki/Karplus-Strong_string_synthesis
Information theory and signal processing,Digital signal processing,Image processing,,Histogram equalization,,https://en.wikipedia.org//wiki/Histogram_equalization
Information theory and signal processing,Digital signal processing,Image processing,,Adaptive histogram equalization,,https://en.wikipedia.org//wiki/Adaptive_histogram_equalization
Information theory and signal processing,Digital signal processing,Image processing,,Connected-component labeling,,https://en.wikipedia.org//wiki/Connected-component_labeling
Information theory and signal processing,Digital signal processing,Image processing,,Error diffusion,,https://en.wikipedia.org//wiki/Error_diffusion
Information theory and signal processing,Digital signal processing,Image processing,,Floyd–Steinberg dithering,,https://en.wikipedia.org//wiki/Floyd%E2%80%93Steinberg_dithering
Information theory and signal processing,Digital signal processing,Image processing,,Ordered dithering,,https://en.wikipedia.org//wiki/Ordered_dithering
Information theory and signal processing,Digital signal processing,Image processing,,Riemersma dithering,,https://en.wikipedia.org//wiki/Riemersma_dithering
Information theory and signal processing,Digital signal processing,Image processing,,Difference-map algorithm,difference-map algorithm,https://en.wikipedia.org//wiki/Difference-map_algorithm
Information theory and signal processing,Digital signal processing,Image processing,,Canny edge detector,,https://en.wikipedia.org//wiki/Canny_edge_detector
Information theory and signal processing,Digital signal processing,Image processing,,Generalised Hough transform,,https://en.wikipedia.org//wiki/Generalised_Hough_transform
Information theory and signal processing,Digital signal processing,Image processing,,Hough transform,,https://en.wikipedia.org//wiki/Hough_transform
Information theory and signal processing,Digital signal processing,Image processing,,Marr–Hildreth algorithm,,https://en.wikipedia.org//wiki/Marr%E2%80%93Hildreth_algorithm
Information theory and signal processing,Digital signal processing,Image processing,,Scale-invariant feature transform,SIFT,https://en.wikipedia.org//wiki/Scale-invariant_feature_transform
Information theory and signal processing,Digital signal processing,Image processing,,SURF (Speeded Up Robust Features) (page does not exist),SURF (Speeded Up Robust Features),https://en.wikipedia.org//w/index.php?title=SURF_(Speeded_Up_Robust_Features)&action=edit&redlink=1
Information theory and signal processing,Digital signal processing,Image processing,,Richardson–Lucy deconvolution,,https://en.wikipedia.org//wiki/Richardson%E2%80%93Lucy_deconvolution
Information theory and signal processing,Digital signal processing,Image processing,,Blind deconvolution,,https://en.wikipedia.org//wiki/Blind_deconvolution
Information theory and signal processing,Digital signal processing,Image processing,,Median filtering,,https://en.wikipedia.org//wiki/Median_filtering
Information theory and signal processing,Digital signal processing,Image processing,,Seam carving,,https://en.wikipedia.org//wiki/Seam_carving
Information theory and signal processing,Digital signal processing,Image processing,,GrowCut algorithm,,https://en.wikipedia.org//wiki/GrowCut_algorithm
Information theory and signal processing,Digital signal processing,Image processing,,Random walker algorithm,,https://en.wikipedia.org//wiki/Random_walker_algorithm
Information theory and signal processing,Digital signal processing,Image processing,,Region growing,,https://en.wikipedia.org//wiki/Region_growing
Information theory and signal processing,Digital signal processing,Image processing,,Watershed (algorithm),Watershed transformation,https://en.wikipedia.org//wiki/Watershed_(algorithm)
Software engineering,,,,Cache algorithms,,https://en.wikipedia.org//wiki/Cache_algorithms
Software engineering,,,,CHS conversion,,https://en.wikipedia.org//wiki/CHS_conversion
Software engineering,,,,Double dabble,,https://en.wikipedia.org//wiki/Double_dabble
Software engineering,,,,Fowler–Noll–Vo hash function,,https://en.wikipedia.org//wiki/Fowler%E2%80%93Noll%E2%80%93Vo_hash_function
Software engineering,,,,Pearson hashing,,https://en.wikipedia.org//wiki/Pearson_hashing
Software engineering,,,,Zobrist hashing,,https://en.wikipedia.org//wiki/Zobrist_hashing
Software engineering,,,,Unicode Collation Algorithm,,https://en.wikipedia.org//wiki/Unicode_Collation_Algorithm
Software engineering,,,,Xor swap algorithm,,https://en.wikipedia.org//wiki/Xor_swap_algorithm
Database algorithms,,,,Algorithms for Recovery and Isolation Exploiting Semantics,,https://en.wikipedia.org//wiki/Algorithms_for_Recovery_and_Isolation_Exploiting_Semantics
Database algorithms,,,,Block nested loop,,https://en.wikipedia.org//wiki/Block_nested_loop
Database algorithms,,,,Hash join,,https://en.wikipedia.org//wiki/Hash_join
Database algorithms,,,,Nested loop join,,https://en.wikipedia.org//wiki/Nested_loop_join
Database algorithms,,,,Sort-Merge Join,,https://en.wikipedia.org//wiki/Sort-Merge_Join
Distributed systems algorithms,,,,Bully algorithm,,https://en.wikipedia.org//wiki/Bully_algorithm
Distributed systems algorithms,,,,Byzantine fault tolerance,,https://en.wikipedia.org//wiki/Byzantine_fault_tolerance
Distributed systems algorithms,,,,Berkeley algorithm,,https://en.wikipedia.org//wiki/Berkeley_algorithm
Distributed systems algorithms,,,,Cristian's algorithm,,https://en.wikipedia.org//wiki/Cristian%27s_algorithm
Distributed systems algorithms,,,,Intersection algorithm,,https://en.wikipedia.org//wiki/Intersection_algorithm
Distributed systems algorithms,,,,Marzullo's algorithm,,https://en.wikipedia.org//wiki/Marzullo%27s_algorithm
Distributed systems algorithms,,,,Dijkstra-Scholten algorithm,,https://en.wikipedia.org//wiki/Dijkstra-Scholten_algorithm
Distributed systems algorithms,,,,Huang's algorithm,,https://en.wikipedia.org//wiki/Huang%27s_algorithm
Distributed systems algorithms,,,,Lamport ordering,,https://en.wikipedia.org//wiki/Lamport_ordering
Distributed systems algorithms,,,,Lamport's Distributed Mutual Exclusion Algorithm,,https://en.wikipedia.org//wiki/Lamport%27s_Distributed_Mutual_Exclusion_Algorithm
Distributed systems algorithms,,,,Naimi-Trehel's log(n) Algorithm (page does not exist),Naimi-Trehel's log(n) Algorithm,https://en.wikipedia.org//w/index.php?title=Naimi-Trehel%27s_log(n)_Algorithm&action=edit&redlink=1
Distributed systems algorithms,,,,Maekawa's Algorithm,,https://en.wikipedia.org//wiki/Maekawa%27s_Algorithm
Distributed systems algorithms,,,,Raymond's Algorithm,,https://en.wikipedia.org//wiki/Raymond%27s_Algorithm
Distributed systems algorithms,,,,Ricart-Agrawala Algorithm,,https://en.wikipedia.org//wiki/Ricart-Agrawala_Algorithm
Distributed systems algorithms,,,,Paxos algorithm,,https://en.wikipedia.org//wiki/Paxos_algorithm
Distributed systems algorithms,,,,Chandy-Lamport algorithm,,https://en.wikipedia.org//wiki/Chandy-Lamport_algorithm
Distributed systems algorithms,,,,Vector clocks,,https://en.wikipedia.org//wiki/Vector_clocks
Distributed systems algorithms,Memory allocation and deallocation algorithms,,,Buddy memory allocation,,https://en.wikipedia.org//wiki/Buddy_memory_allocation
Distributed systems algorithms,Memory allocation and deallocation algorithms,,,Cheney's algorithm,,https://en.wikipedia.org//wiki/Cheney%27s_algorithm
Distributed systems algorithms,Memory allocation and deallocation algorithms,,,Garbage collection (computer science),Generational garbage collector,https://en.wikipedia.org//wiki/Garbage_collection_(computer_science)
Distributed systems algorithms,Memory allocation and deallocation algorithms,,,Mark-compact algorithm,,https://en.wikipedia.org//wiki/Mark-compact_algorithm
Distributed systems algorithms,Memory allocation and deallocation algorithms,,,Mark and sweep,,https://en.wikipedia.org//wiki/Mark_and_sweep
Distributed systems algorithms,Memory allocation and deallocation algorithms,,,Semi-space collector (page does not exist),Semi-space collector,https://en.wikipedia.org//w/index.php?title=Semi-space_collector&action=edit&redlink=1
Distributed systems algorithms,Memory allocation and deallocation algorithms,,,Reference counting,,https://en.wikipedia.org//wiki/Reference_counting
Networking,,,,Karn's algorithm,,https://en.wikipedia.org//wiki/Karn%27s_algorithm
Networking,,,,Luleå algorithm,,https://en.wikipedia.org//wiki/Lule%C3%A5_algorithm
Networking,,,,Exponential backoff,,https://en.wikipedia.org//wiki/Exponential_backoff
Networking,,,,Nagle's algorithm,,https://en.wikipedia.org//wiki/Nagle%27s_algorithm
Networking,,,,Truncated binary exponential backoff,,https://en.wikipedia.org//wiki/Truncated_binary_exponential_backoff
Operating systems algorithms,,,,Banker's algorithm,,https://en.wikipedia.org//wiki/Banker%27s_algorithm
Operating systems algorithms,,,,Adaptive replacement cache,,https://en.wikipedia.org//wiki/Adaptive_replacement_cache
Operating systems algorithms,,,,Clock with Adaptive Replacement,,https://en.wikipedia.org//wiki/Clock_with_Adaptive_Replacement
Operating systems algorithms,Process synchronization,,,Dekker's algorithm,,https://en.wikipedia.org//wiki/Dekker%27s_algorithm
Operating systems algorithms,Process synchronization,,,Lamport's Bakery algorithm,,https://en.wikipedia.org//wiki/Lamport%27s_Bakery_algorithm
Operating systems algorithms,Process synchronization,,,Peterson's algorithm,,https://en.wikipedia.org//wiki/Peterson%27s_algorithm
Operating systems algorithms,Scheduling,,,Earliest deadline first scheduling,,https://en.wikipedia.org//wiki/Earliest_deadline_first_scheduling
Operating systems algorithms,Scheduling,,,Fair-share scheduling,,https://en.wikipedia.org//wiki/Fair-share_scheduling
Operating systems algorithms,Scheduling,,,Least slack time scheduling,,https://en.wikipedia.org//wiki/Least_slack_time_scheduling
Operating systems algorithms,Scheduling,,,List scheduling,,https://en.wikipedia.org//wiki/List_scheduling
Operating systems algorithms,Scheduling,,,Multi level feedback queue,,https://en.wikipedia.org//wiki/Multi_level_feedback_queue
Operating systems algorithms,Scheduling,,,Rate-monotonic scheduling,,https://en.wikipedia.org//wiki/Rate-monotonic_scheduling
Operating systems algorithms,Scheduling,,,Round-robin scheduling,,https://en.wikipedia.org//wiki/Round-robin_scheduling
Operating systems algorithms,Scheduling,,,Shortest job next,,https://en.wikipedia.org//wiki/Shortest_job_next
Operating systems algorithms,Scheduling,,,Shortest remaining time,,https://en.wikipedia.org//wiki/Shortest_remaining_time
Operating systems algorithms,Scheduling,,,Top-nodes algorithm,,https://en.wikipedia.org//wiki/Top-nodes_algorithm
Operating systems algorithms,,Disk scheduling,,Elevator algorithm,,https://en.wikipedia.org//wiki/Elevator_algorithm
Operating systems algorithms,,Disk scheduling,,Shortest seek first,,https://en.wikipedia.org//wiki/Shortest_seek_first
Operating systems algorithms,,,,List of data structures,,https://en.wikipedia.org//wiki/List_of_data_structures
Operating systems algorithms,,,,List of machine learning algorithms,,https://en.wikipedia.org//wiki/List_of_machine_learning_algorithms
Operating systems algorithms,,,,List of pathfinding algorithms,,https://en.wikipedia.org//wiki/List_of_pathfinding_algorithms
Operating systems algorithms,,,,List of algorithm general topics,,https://en.wikipedia.org//wiki/List_of_algorithm_general_topics
Operating systems algorithms,,,,List of terms relating to algorithms and data structures,,https://en.wikipedia.org//wiki/List_of_terms_relating_to_algorithms_and_data_structures
Operating systems algorithms,,,,Heuristic,,https://en.wikipedia.org//wiki/Heuristic
